{
    "size": 2,
    "voltages": [
        -5.509543170352358,
        10.935903575330634
    ],
    "time_constants": [
        1.0,
        1.0
    ],
    "biases": [
        4.515263949538321,
        -9.424874214362415
    ],
    "inner_weights": [
        [
            5.803844919954994,
            16.0
        ],
        [
            -16.0,
            3.5073044750632754
        ]
    ],
    "outputs": [
        0.270067680482612,
        0.8192137079887696
    ],
    "inputs": [
        0.0,
        0.0
    ],
    "weight_range": 16,
    "bias_range": 16,
    "tc_min": 1,
    "tc_max": 1,
    "sensors": null,
    "motors": null,
    "inv_time_constants": [
        1.0,
        1.0
    ]
}