{
    "size": 2,
    "voltages": [
        -4.365480433433267,
        9.170744607162082
    ],
    "time_constants": [
        1.0,
        1.0
    ],
    "biases": [
        4.515263949538321,
        -9.424874214362415
    ],
    "inner_weights": [
        [
            4.8819368571001505,
            16.0
        ],
        [
            -16.0,
            1.3111656746344114
        ]
    ],
    "outputs": [
        0.5373760272266285,
        0.43680732439562503
    ],
    "weight_range": 16,
    "bias_range": 16,
    "tc_min": 1,
    "tc_max": 1,
    "inputs": [
        0.0,
        0.0
    ],
    "sensors": null,
    "motors": null,
    "inv_time_constants": [
        1.0,
        1.0
    ]
}