{
    "size": 9,
    "voltages": [
        0.0,
        0.0,
        0.0,
        0.0,
        0.0,
        0.0,
        0.0,
        0.0,
        0.0
    ],
    "time_constants": [
        1.0,
        1.0,
        1.0,
        1.0,
        1.0,
        1.0,
        1.0,
        1.0,
        1.0
    ],
    "biases": [
        1.718367625544989,
        13.129339853522435,
        -5.019551844901127,
        -15.566026722137956,
        -3.7231222195512856,
        -1.166979744594535,
        -2.5356415820897453,
        -15.850730685105141,
        -15.228946128439144
    ],
    "inner_weights": [
        [
            -14.458200719992394,
            5.790816443766971,
            9.558274172921656,
            9.60347493305224,
            14.889512005000334,
            -1.7913656249827419,
            10.599516049947141,
            -8.109835683929191,
            -14.391107900482432
        ],
        [
            -0.40218295202921794,
            4.807608116109858,
            13.471321296127428,
            7.639488858348923,
            -8.082493668487693,
            0.577061372747913,
            5.250683523938186,
            -6.630453956059448,
            11.952088328645644
        ],
        [
            12.258193649333577,
            1.912896205221859,
            -8.8258641425065,
            13.868828646295228,
            -3.5250678289533113,
            -11.178267942031361,
            -5.701539308782124,
            -5.294675617762891,
            12.760094619205066
        ],
        [
            -15.650531785900387,
            -9.38728436256427,
            9.738169088807854,
            2.2554745447574973,
            3.490253791646939,
            14.855441508643771,
            -2.8356541182995514,
            -14.144348846413855,
            -13.277624719962567
        ],
        [
            -12.354257516568655,
            14.23911208101189,
            5.964505442982265,
            -13.366715016134862,
            -15.865519213451236,
            -6.514786041589726,
            -4.204803791678977,
            -4.677652157282708,
            11.749069841109456
        ],
        [
            8.373231203987668,
            -7.305846648655475,
            -13.8484793033875,
            8.955333613299992,
            5.310275664063962,
            2.7260230918001227,
            7.668579179472289,
            -0.8819603508025509,
            12.695592094710701
        ],
        [
            -7.366250715109164,
            1.759348461041533,
            -11.738225329655386,
            -2.910887823002245,
            13.426814142777214,
            0.2863430490266978,
            6.639271890716717,
            6.246353080618398,
            1.3759119347823017
        ],
        [
            3.217515402122924,
            -13.102303802527576,
            -0.6274726807815263,
            10.557932950703897,
            -3.5216473841377507,
            6.65457667859695,
            -6.329597022388956,
            -5.488822359402164,
            13.202491670246243
        ],
        [
            14.079929598676124,
            -0.33612169773604705,
            -12.736349618271635,
            12.578459625591595,
            0.9997701513659756,
            4.276305468464475,
            14.974836397819619,
            0.7959744026289393,
            3.63552589688085
        ]
    ],
    "outputs": [
        0.0,
        0.0,
        0.0,
        0.0,
        0.0,
        0.0,
        0.0,
        0.0,
        0.0
    ],
    "weight_range": 16,
    "bias_range": 16,
    "tc_min": 1,
    "tc_max": 1,
    "inv_time_constants": [
        1.0,
        1.0,
        1.0,
        1.0,
        1.0,
        1.0,
        1.0,
        1.0,
        1.0
    ]
}