{
    "size": 9,
    "voltages": [
        0.0,
        0.0,
        0.0,
        0.0,
        0.0,
        0.0,
        0.0,
        0.0,
        0.0
    ],
    "time_constants": [
        1.0,
        1.0,
        1.0,
        1.0,
        1.0,
        1.0,
        1.0,
        1.0,
        1.0
    ],
    "biases": [
        -10.344653992616795,
        -4.04732484318891,
        -3.7670796461743308,
        2.260640704496737,
        0.3563749293178482,
        0.9304738797694334,
        0.7424863683510914,
        13.820081842976212,
        -8.109570111777828
    ],
    "inner_weights": [
        [
            -14.440803814107927,
            -6.748490886725861,
            7.070923098599355,
            -15.308280002689607,
            -9.410471511441951,
            -14.375255785747942,
            -6.327299393132261,
            5.245129427990399,
            -6.140339416419877
        ],
        [
            2.6749208389951598,
            -13.773729452396783,
            11.756943487778827,
            -11.736303383944072,
            -10.300010830096053,
            -0.13025440556301504,
            11.638388625863154,
            8.286202736387658,
            15.055524011173045
        ],
        [
            8.29768168913769,
            -3.7039989731158585,
            -2.9210134578005587,
            6.827533692303319,
            -7.33856727445972,
            11.33129190372301,
            13.221247027577778,
            8.344194229267398,
            0.5333932082581185
        ],
        [
            -10.629255512911765,
            -6.441846668516298,
            -6.913822559019717,
            -5.5291975482326094,
            -1.275509318624767,
            1.4197875026444038,
            -9.043172167688898,
            9.595786462047247,
            7.253902377489133
        ],
        [
            11.177366828518942,
            -7.439302253373686,
            3.674390756749908,
            4.888194342207651,
            -3.621874107702862,
            -2.8686662856698,
            9.92504158376439,
            3.2118164922283157,
            12.746890834710218
        ],
        [
            -0.318968798431424,
            10.506180230921018,
            11.484463077383644,
            9.230244596514975,
            12.404973990630495,
            6.363545246479621,
            -1.4595101564560125,
            -6.210714726756624,
            10.242700957629658
        ],
        [
            -11.530731026431361,
            -3.1585120486179648,
            -8.601205921909258,
            2.8946484333874096,
            12.360577853924667,
            -5.512269106799252,
            9.747508864628731,
            9.518490862975408,
            5.302196728774234
        ],
        [
            -8.18840010487125,
            10.219399864146038,
            -1.036761905660299,
            7.6514792634908595,
            -1.2593130136788382,
            11.650743986335176,
            6.4692573441316235,
            -10.624797650145378,
            -10.264112859994604
        ],
        [
            11.196960913602908,
            -4.316408101056467,
            -3.806875538851944,
            -14.681360311483495,
            4.2932184612717705,
            9.733706958244174,
            12.714012724512141,
            -9.767568559079788,
            11.434955532922391
        ]
    ],
    "outputs": [
        0.0,
        0.0,
        0.0,
        0.0,
        0.0,
        0.0,
        0.0,
        0.0,
        0.0
    ],
    "weight_range": 16,
    "bias_range": 16,
    "tc_min": 1,
    "tc_max": 1,
    "inv_time_constants": [
        1.0,
        1.0,
        1.0,
        1.0,
        1.0,
        1.0,
        1.0,
        1.0,
        1.0
    ]
}