{
    "size": 7,
    "voltages": [
        0.0,
        0.0,
        0.0,
        0.0,
        0.0,
        0.0,
        0.0
    ],
    "time_constants": [
        1.0,
        1.0,
        1.0,
        1.0,
        1.0,
        1.0,
        1.0
    ],
    "biases": [
        13.749814020152034,
        14.229963044461485,
        4.200578820012751,
        8.156598383704157,
        -9.43089255668156,
        -1.007181215376157,
        -0.791270055724123
    ],
    "inner_weights": [
        [
            7.02034515980667,
            3.4310776199036646,
            6.075571666520439,
            -2.45014467518288,
            -1.5754844611115644,
            -3.440896960329873,
            0.3810287402012662
        ],
        [
            -12.391937312166775,
            15.17750441155038,
            -0.1659913492515166,
            14.515673132008398,
            -6.177091416673637,
            8.749549722696834,
            -5.979366445071211
        ],
        [
            -6.323886097437384,
            8.738006139450519,
            -4.978664298835572,
            15.200006258507766,
            -15.100668217941191,
            0.7915177891471679,
            6.408072187134994
        ],
        [
            -6.429133595858431,
            -14.049178125284666,
            4.089501339970678,
            0.5329750672290103,
            -15.454939411649878,
            -11.40345045635831,
            4.391420093362612
        ],
        [
            11.025295390362128,
            -2.9505516539147187,
            7.378424065508874,
            -9.38620701478824,
            -15.231217053482947,
            -11.406607546605443,
            -0.6823596569255805
        ],
        [
            -9.527788428249355,
            -7.363964688170249,
            -15.453536690189207,
            -8.338037002645766,
            12.052117583849956,
            -7.445940569567984,
            13.666411677375283
        ],
        [
            13.059853462732232,
            -6.38401137035115,
            -1.8634459480917052,
            5.984426571742112,
            1.4866788911302322,
            12.952725286116163,
            3.9142781131329727
        ]
    ],
    "outputs": [
        0.0,
        0.0,
        0.0,
        0.0,
        0.0,
        0.0,
        0.0
    ],
    "weight_range": 16,
    "bias_range": 16,
    "tc_min": 1,
    "tc_max": 1,
    "inv_time_constants": [
        1.0,
        1.0,
        1.0,
        1.0,
        1.0,
        1.0,
        1.0
    ]
}