{
    "size": 7,
    "voltages": [
        0.0,
        0.0,
        0.0,
        0.0,
        0.0,
        0.0,
        0.0
    ],
    "time_constants": [
        1.0,
        1.0,
        1.0,
        1.0,
        1.0,
        1.0,
        1.0
    ],
    "biases": [
        8.668190921852151,
        8.472031472014947,
        -6.916499726153685,
        -9.934649908147822,
        -0.9199691284699192,
        -5.286206575916047,
        7.51152139883683
    ],
    "inner_weights": [
        [
            12.571524845952052,
            -5.376646230362329,
            10.279331937850618,
            -14.665707976792003,
            -12.554986242049026,
            3.0416660545996876,
            0.9541555901702914
        ],
        [
            -2.598162286187062,
            -5.266948823253465,
            3.920621830274886,
            -1.9794743645160295,
            7.548227403158087,
            0.5771651839766001,
            2.523475207237027
        ],
        [
            4.651363068659002,
            15.687176683949325,
            10.235462301498924,
            -2.777570085882214,
            12.040564966612077,
            10.360301842256682,
            -14.256815749684652
        ],
        [
            6.996391570054218,
            9.669457997583212,
            7.565012601966046,
            6.692216024997354,
            1.3099793376809004,
            -12.005626419820487,
            14.64471345502939
        ],
        [
            -3.0957984404825645,
            -9.057562869646077,
            6.952827086506222,
            15.814638029502003,
            -7.820350220773278,
            5.481901822056972,
            3.1681892204517297
        ],
        [
            6.954628657776418,
            13.995185108636946,
            -4.742087406729535,
            -7.883708880915329,
            -3.1208797108232638,
            7.888342949919519,
            7.170258157174025
        ],
        [
            -3.004550526131542,
            15.660155144960076,
            -1.5840230161546884,
            -4.038130108788707,
            6.708115397414467,
            -13.361326294025329,
            -3.2520665980389367
        ]
    ],
    "outputs": [
        0.0,
        0.0,
        0.0,
        0.0,
        0.0,
        0.0,
        0.0
    ],
    "weight_range": 16,
    "bias_range": 16,
    "tc_min": 1,
    "tc_max": 1,
    "inv_time_constants": [
        1.0,
        1.0,
        1.0,
        1.0,
        1.0,
        1.0,
        1.0
    ]
}