{
    "size": 7,
    "voltages": [
        0.0,
        0.0,
        0.0,
        0.0,
        0.0,
        0.0,
        0.0
    ],
    "time_constants": [
        1.0,
        1.0,
        1.0,
        1.0,
        1.0,
        1.0,
        1.0
    ],
    "biases": [
        -12.960896534513342,
        -1.3921146484031226,
        -0.23284826058738872,
        -12.51284787405337,
        -11.08049725242401,
        15.49708906580836,
        -7.310075081217644
    ],
    "inner_weights": [
        [
            10.714948757300782,
            -12.646524660164168,
            7.8284954137445695,
            -4.463973239798857,
            -4.502053190141698,
            3.495628179780855,
            -3.3990543651759566
        ],
        [
            -2.909676484451243,
            0.31687710686740544,
            6.724735786466351,
            14.736839206581354,
            -1.3881245139540077,
            -2.315151326028513,
            -12.369161564160947
        ],
        [
            -9.027236180911228,
            14.639106210173356,
            14.187223052940642,
            12.218376997007926,
            4.6851379969085905,
            -9.157606011820526,
            4.378624441818854
        ],
        [
            -11.547319936483088,
            -1.321469750228399,
            11.963621925002183,
            -7.729590212253644,
            5.275235128401011,
            11.605578753182698,
            -11.236861982584994
        ],
        [
            2.0143986610871423,
            -10.907031557979273,
            -10.467362349366429,
            -12.671265248312604,
            -9.505997023994652,
            -1.4339425048675878,
            9.426397319302943
        ],
        [
            15.706325791385012,
            9.760550418574471,
            -3.922707017074483,
            0.5035976198988621,
            -14.115234516093523,
            6.755061958496917,
            -13.679749971275644
        ],
        [
            12.243570621756152,
            7.233850194129875,
            10.667718798136189,
            6.727381882547757,
            6.317757382534136,
            13.763289709061521,
            12.213527963433055
        ]
    ],
    "outputs": [
        0.0,
        0.0,
        0.0,
        0.0,
        0.0,
        0.0,
        0.0
    ],
    "weight_range": 16,
    "bias_range": 16,
    "tc_min": 1,
    "tc_max": 1,
    "inv_time_constants": [
        1.0,
        1.0,
        1.0,
        1.0,
        1.0,
        1.0,
        1.0
    ]
}