{
    "size": 7,
    "voltages": [
        0.0,
        0.0,
        0.0,
        0.0,
        0.0,
        0.0,
        0.0
    ],
    "time_constants": [
        1.0,
        1.0,
        1.0,
        1.0,
        1.0,
        1.0,
        1.0
    ],
    "biases": [
        -15.9528757742636,
        -14.676794306523412,
        -2.4939085353863604,
        7.058627513123916,
        9.577464795544106,
        4.5713869760826,
        -13.038010380962241
    ],
    "inner_weights": [
        [
            3.403338808847213,
            5.040370195770102,
            -6.168287701005763,
            14.784111524826955,
            1.149405034601397,
            5.108310108372372,
            15.980048922344686
        ],
        [
            8.031485661830118,
            1.2327105174229516,
            7.856174511966206,
            -8.460857770143821,
            -2.6767843042373585,
            11.040632217614267,
            -3.0193041554219704
        ],
        [
            -0.8141265704590985,
            6.1817338813893805,
            -10.074772101957805,
            -13.815204582040614,
            3.9133441700649065,
            3.2325878283155305,
            11.822227602197007
        ],
        [
            -14.315335074117694,
            2.210065678724689,
            -3.029284118975113,
            9.680434477208522,
            9.13190559707617,
            8.91880909005198,
            -13.038870604968896
        ],
        [
            14.693739887574147,
            11.00679664805509,
            -7.306393834201728,
            -0.7198333557890457,
            -0.7184189843057069,
            4.955683749712165,
            -9.566379435351273
        ],
        [
            -3.994148458424906,
            -7.084518976156893,
            -5.607190415373648,
            1.8888516775466364,
            11.532945133617979,
            14.334288335395776,
            -1.4479520311904146
        ],
        [
            -1.0972319501777257,
            13.66730545179249,
            -11.918313711590372,
            -10.353188772971848,
            -1.0308963974474352,
            14.290672738912235,
            2.5219125392566397
        ]
    ],
    "outputs": [
        0.0,
        0.0,
        0.0,
        0.0,
        0.0,
        0.0,
        0.0
    ],
    "weight_range": 16,
    "bias_range": 16,
    "tc_min": 1,
    "tc_max": 1,
    "inv_time_constants": [
        1.0,
        1.0,
        1.0,
        1.0,
        1.0,
        1.0,
        1.0
    ]
}