{
    "size": 7,
    "voltages": [
        0.0,
        0.0,
        0.0,
        0.0,
        0.0,
        0.0,
        0.0
    ],
    "time_constants": [
        1.0,
        1.0,
        1.0,
        1.0,
        1.0,
        1.0,
        1.0
    ],
    "biases": [
        8.639189974677077,
        -8.33230624988349,
        -12.677927990613068,
        -10.03848571798531,
        8.087048497885192,
        14.492711229204126,
        9.298624768756348
    ],
    "inner_weights": [
        [
            -6.146081516000933,
            0.620527337769623,
            8.585525169215149,
            9.255063557467512,
            11.85798599922635,
            -9.986515468093796,
            -7.375832140258616
        ],
        [
            -0.12185148838844029,
            7.6518959076387425,
            -9.761536267467502,
            -10.248152104770817,
            1.2424402744049061,
            -6.951500652448718,
            8.350075822787158
        ],
        [
            -7.369825867329684,
            -6.607375701951835,
            14.796976371608782,
            13.222858437475523,
            2.1815950529848287,
            -0.46424467188706586,
            4.9185398607547235
        ],
        [
            1.1721407529399883,
            15.863644716813425,
            -11.456561155794027,
            15.210932370359245,
            3.8258391680845065,
            7.055558646559181,
            -6.557965715981702
        ],
        [
            3.2042228982426515,
            8.020335105851704,
            4.523717588495593,
            13.545582704577374,
            12.439367724886491,
            4.629483280534451,
            -6.539442878022509
        ],
        [
            5.842998810629965,
            -7.136087424694956,
            -11.954241482067275,
            2.2373526753486708,
            -2.9100961838001176,
            1.9329647131211694,
            11.338989449541348
        ],
        [
            -12.904995290725399,
            -4.661028059644508,
            15.155896680371242,
            13.502916081403594,
            14.997327629299122,
            -14.369395682219036,
            12.273788164565971
        ]
    ],
    "outputs": [
        0.0,
        0.0,
        0.0,
        0.0,
        0.0,
        0.0,
        0.0
    ],
    "weight_range": 16,
    "bias_range": 16,
    "tc_min": 1,
    "tc_max": 1,
    "inv_time_constants": [
        1.0,
        1.0,
        1.0,
        1.0,
        1.0,
        1.0,
        1.0
    ]
}