{
    "size": 7,
    "voltages": [
        0.0,
        0.0,
        0.0,
        0.0,
        0.0,
        0.0,
        0.0
    ],
    "time_constants": [
        1.0,
        1.0,
        1.0,
        1.0,
        1.0,
        1.0,
        1.0
    ],
    "biases": [
        -12.583567004560805,
        3.0277866616392934,
        -14.562797149089295,
        14.857929816766905,
        6.200450700317642,
        12.829126376426025,
        -15.42642075973259
    ],
    "inner_weights": [
        [
            -8.678288398179163,
            -9.897983404026146,
            12.363509471436757,
            7.005628658861006,
            1.0554682698925504,
            11.82278720013166,
            7.175605644779125
        ],
        [
            -0.5732162835467349,
            8.194470297239356,
            15.191679825498941,
            0.2677472229440525,
            14.671723284658473,
            -0.1835724472975393,
            0.5493546775063756
        ],
        [
            -4.990006060796873,
            15.032007426591203,
            -7.805168933365749,
            -3.0951929519074035,
            10.543699956187297,
            -3.664411306851825,
            -8.585315032865303
        ],
        [
            1.023091381938439,
            -5.9594801329182765,
            -14.392662544836632,
            -6.3023186464875,
            9.597691924986243,
            -7.552602270961355,
            -9.162546086138576
        ],
        [
            -1.9316435610207172,
            15.642903649099527,
            -4.8136680170875685,
            12.990211921700698,
            -4.257031967931503,
            -4.656143032538267,
            -1.4846207609823168
        ],
        [
            -15.833528521525206,
            2.7096749354723784,
            -13.92121247886729,
            -11.401307115663379,
            -5.97914114947184,
            13.433781607996696,
            -7.0673166258606095
        ],
        [
            -8.388196623208817,
            -0.7396230604092011,
            4.346585064185874,
            11.26373605907678,
            -3.5430397122103514,
            9.670317470317116,
            -5.978469152045321
        ]
    ],
    "outputs": [
        0.0,
        0.0,
        0.0,
        0.0,
        0.0,
        0.0,
        0.0
    ],
    "weight_range": 16,
    "bias_range": 16,
    "tc_min": 1,
    "tc_max": 1,
    "inv_time_constants": [
        1.0,
        1.0,
        1.0,
        1.0,
        1.0,
        1.0,
        1.0
    ]
}