{
    "size": 7,
    "voltages": [
        0.0,
        0.0,
        0.0,
        0.0,
        0.0,
        0.0,
        0.0
    ],
    "time_constants": [
        1.0,
        1.0,
        1.0,
        1.0,
        1.0,
        1.0,
        1.0
    ],
    "biases": [
        -10.738601901073714,
        -9.71491106295726,
        -9.689918657584794,
        11.282653041149374,
        6.047185625091924,
        -12.729804525831408,
        -5.544758871367858
    ],
    "inner_weights": [
        [
            5.623405296113674,
            -14.569210169505727,
            -5.014282478637046,
            4.608631264634589,
            -6.905184040310736,
            14.378809812800164,
            -10.954554599239554
        ],
        [
            -3.5848652024716046,
            2.87979764711406,
            -0.3905346779891019,
            -10.42101164722812,
            -9.018158042137259,
            4.695857414561875,
            -8.005394907445293
        ],
        [
            -2.8720644447485952,
            -14.472774944114267,
            -5.646454526849126,
            -6.649543721276665,
            -1.7468639061275617,
            -14.071206219886847,
            8.148428538901584
        ],
        [
            7.318746574117547,
            2.072350039185192,
            6.851884653180964,
            2.635394577606,
            4.452451635169776,
            9.446359313756581,
            11.823697916938968
        ],
        [
            -4.800259256154838,
            -6.147208726144498,
            3.319165919079243,
            -4.09125828091836,
            11.640788472324786,
            6.770989437008598,
            -2.463141752641146
        ],
        [
            12.069086017095287,
            -15.388697403716776,
            -1.3576581808467694,
            -10.588358661359546,
            10.971991302213976,
            -12.017414098074713,
            7.773457313973644
        ],
        [
            11.123233782336357,
            -10.419666978382345,
            -7.314785658507898,
            13.485540313476488,
            4.785509643545069,
            -5.860965864868106,
            -2.7187934263210103
        ]
    ],
    "outputs": [
        0.0,
        0.0,
        0.0,
        0.0,
        0.0,
        0.0,
        0.0
    ],
    "weight_range": 16,
    "bias_range": 16,
    "tc_min": 1,
    "tc_max": 1,
    "inv_time_constants": [
        1.0,
        1.0,
        1.0,
        1.0,
        1.0,
        1.0,
        1.0
    ]
}