{
    "size": 7,
    "voltages": [
        0.0,
        0.0,
        0.0,
        0.0,
        0.0,
        0.0,
        0.0
    ],
    "time_constants": [
        1.0,
        1.0,
        1.0,
        1.0,
        1.0,
        1.0,
        1.0
    ],
    "biases": [
        0.387593938680201,
        -13.48280387941719,
        -14.90688764744516,
        2.11684182982221,
        -11.21044608313587,
        -8.280543320796827,
        -14.928456731734453
    ],
    "inner_weights": [
        [
            -14.766026211794891,
            8.963214736789599,
            -13.033479829307733,
            4.252565967503273,
            -15.555492853753002,
            13.957073154717545,
            -2.3496197844629307
        ],
        [
            -7.901233575739834,
            -9.921110198602562,
            -2.725611746023315,
            -15.57054048833912,
            4.7511291143420955,
            11.819799870369096,
            3.489142510327035
        ],
        [
            9.855770204212657,
            10.448362573418656,
            -7.306133320374354,
            10.767246108622174,
            -6.958676482277074,
            -11.57412471584048,
            6.871048764750473
        ],
        [
            -0.8788285585715343,
            1.8108313879155382,
            -3.661581655691471,
            14.116693121816908,
            -13.40189838455052,
            13.35255949587259,
            -10.978098389819177
        ],
        [
            -1.787280430186037,
            -9.212606619600095,
            -10.409818921001243,
            0.4735376541848062,
            12.572721216912296,
            13.557794156555996,
            10.751313672743425
        ],
        [
            -0.010966631332856025,
            10.270845132785801,
            13.900421138923932,
            9.43397995853648,
            -1.229276730134444,
            -4.713926216986756,
            -12.52504238562791
        ],
        [
            15.51284905594368,
            -11.166135278597675,
            -7.090811857849502,
            6.372145422318265,
            4.7264876157167635,
            -8.846830586520582,
            9.659153132615867
        ]
    ],
    "outputs": [
        0.0,
        0.0,
        0.0,
        0.0,
        0.0,
        0.0,
        0.0
    ],
    "weight_range": 16,
    "bias_range": 16,
    "tc_min": 1,
    "tc_max": 1,
    "inv_time_constants": [
        1.0,
        1.0,
        1.0,
        1.0,
        1.0,
        1.0,
        1.0
    ]
}