{
    "size": 7,
    "voltages": [
        0.0,
        0.0,
        0.0,
        0.0,
        0.0,
        0.0,
        0.0
    ],
    "time_constants": [
        1.0,
        1.0,
        1.0,
        1.0,
        1.0,
        1.0,
        1.0
    ],
    "biases": [
        -3.1442868220009252,
        -0.6803963433950138,
        -2.633448817450205,
        -6.5659876324398,
        2.2242361637094454,
        -4.374855252466972,
        -7.99776693621504
    ],
    "inner_weights": [
        [
            -3.6872601754642,
            11.51065109089981,
            14.214388345837442,
            6.490396595543341,
            4.276291109485019,
            3.390761023699138,
            -9.595941028483058
        ],
        [
            -3.603587594665562,
            -7.712538759954189,
            -13.612566994567427,
            -7.009376810310695,
            -1.9701071633264071,
            -0.5360306051371779,
            11.791663561196632
        ],
        [
            0.9481402881371075,
            1.992420615512188,
            -0.9262289921538951,
            6.042944223898299,
            0.15451537204413412,
            10.341624152502803,
            14.731748927570752
        ],
        [
            11.460615638884043,
            -6.106354417658739,
            1.59107399932957,
            4.949708212328396,
            14.427479285802676,
            15.19262872274248,
            -1.6468909429633065
        ],
        [
            9.576733720428471,
            7.307316385638934,
            -13.179342226082891,
            9.377107492951968,
            13.541257457738773,
            3.6769996398029754,
            -9.254850370365041
        ],
        [
            -8.267481981434898,
            -2.7782715964321376,
            7.334059933735968,
            -15.517108766727638,
            -10.10308168259353,
            -1.8229324831239495,
            3.1487798458024407
        ],
        [
            -11.929824554352464,
            9.979041482932644,
            -9.027880883015385,
            -13.106368849206298,
            -12.122629196967406,
            15.743951657114163,
            -5.6322599686343295
        ]
    ],
    "outputs": [
        0.0,
        0.0,
        0.0,
        0.0,
        0.0,
        0.0,
        0.0
    ],
    "weight_range": 16,
    "bias_range": 16,
    "tc_min": 1,
    "tc_max": 1,
    "inv_time_constants": [
        1.0,
        1.0,
        1.0,
        1.0,
        1.0,
        1.0,
        1.0
    ]
}