{
    "size": 7,
    "voltages": [
        0.0,
        0.0,
        0.0,
        0.0,
        0.0,
        0.0,
        0.0
    ],
    "time_constants": [
        1.0,
        1.0,
        1.0,
        1.0,
        1.0,
        1.0,
        1.0
    ],
    "biases": [
        -2.3115054447140047,
        13.845522421378789,
        8.590081141683427,
        -9.084973089812209,
        11.538140953173006,
        11.427479956417873,
        15.987152777992115
    ],
    "inner_weights": [
        [
            -9.130019551461547,
            13.104075882933234,
            10.151531941230619,
            12.924175191523435,
            6.620136639181695,
            -12.221561557091697,
            -13.043173917579065
        ],
        [
            1.983167946005743,
            2.285182885957628,
            -14.753377133611398,
            -5.550481097799185,
            -6.693818112028389,
            0.33802167534358674,
            -6.276901883595269
        ],
        [
            -6.280192485178823,
            -11.418490822949845,
            -14.837439087371635,
            -3.2244691842103848,
            7.8989450458423285,
            11.358967928365455,
            4.949774730429009
        ],
        [
            14.921281406580999,
            4.596970477434951,
            7.8165494893387475,
            10.624082579214488,
            -15.809342169775935,
            1.0674455336218713,
            13.46648232764019
        ],
        [
            -10.134916275271276,
            15.582341830262148,
            -0.9730532016011644,
            1.8002372121217824,
            -7.9638399339198465,
            -2.0428082814642394,
            10.404514611263721
        ],
        [
            4.383599542590012,
            10.336211059490623,
            -6.932283428507759,
            -1.5766617866443227,
            -10.404729026624413,
            -14.560128008311889,
            5.315917571205219
        ],
        [
            -5.555606852269921,
            -7.708046343601847,
            7.929618197096179,
            6.2666604757606095,
            14.907768652083007,
            -5.283076650545411,
            12.458683833230701
        ]
    ],
    "outputs": [
        0.0,
        0.0,
        0.0,
        0.0,
        0.0,
        0.0,
        0.0
    ],
    "weight_range": 16,
    "bias_range": 16,
    "tc_min": 1,
    "tc_max": 1,
    "inv_time_constants": [
        1.0,
        1.0,
        1.0,
        1.0,
        1.0,
        1.0,
        1.0
    ]
}