{
    "size": 7,
    "voltages": [
        0.0,
        0.0,
        0.0,
        0.0,
        0.0,
        0.0,
        0.0
    ],
    "time_constants": [
        1.0,
        1.0,
        1.0,
        1.0,
        1.0,
        1.0,
        1.0
    ],
    "biases": [
        -9.278794707344609,
        -11.683639633213087,
        -13.230501712289556,
        9.350517824540116,
        7.695486217277232,
        1.4251029431212814,
        -9.609570172871525
    ],
    "inner_weights": [
        [
            12.348175982004022,
            9.234610137719187,
            -2.4086997927965577,
            -0.6761713008899406,
            -15.988670088590407,
            11.403745474363287,
            -4.693705813227275
        ],
        [
            -0.42403053741574226,
            -1.8792605989758933,
            14.034577437841172,
            6.965724336189588,
            10.891173260676922,
            -6.67141157969748,
            10.727533516645629
        ],
        [
            -1.6820136906894732,
            -6.743031846082399,
            -3.0918063342248203,
            9.577242243647266,
            11.386767038699315,
            6.913834929100343,
            9.070391443855314
        ],
        [
            11.844233321243184,
            -10.529227025347012,
            -1.9075611066076164,
            8.748806833471097,
            13.443748235614478,
            -4.718538735576367,
            -12.190385620665502
        ],
        [
            -4.048795057429242,
            -10.161067115468278,
            -15.75071331571926,
            13.336462172504007,
            8.079661236904027,
            -12.554687065178822,
            5.646767236898388
        ],
        [
            1.2458184932266292,
            0.7972624456088795,
            3.6639232764940246,
            7.174107829794536,
            -13.820542276266458,
            -1.0519444556868152,
            -1.2319590303645924
        ],
        [
            10.353774745377208,
            -4.199104565503426,
            -3.9007068313677316,
            -13.857983902380354,
            -6.359551184697434,
            11.890218614001519,
            -0.4510881194430212
        ]
    ],
    "outputs": [
        0.0,
        0.0,
        0.0,
        0.0,
        0.0,
        0.0,
        0.0
    ],
    "weight_range": 16,
    "bias_range": 16,
    "tc_min": 1,
    "tc_max": 1,
    "inv_time_constants": [
        1.0,
        1.0,
        1.0,
        1.0,
        1.0,
        1.0,
        1.0
    ]
}