{
    "size": 2,
    "voltages": [
        0.0,
        0.0
    ],
    "time_constants": [
        1.0,
        1.0
    ],
    "biases": [
        15.683521920861335,
        -11.82118242373419
    ],
    "inner_weights": [
        [
            -14.526688203792464,
            -4.152245884300825
        ],
        [
            -8.245815440275049,
            4.11136016142672
        ]
    ],
    "outputs": [
        0.0,
        0.0
    ],
    "weight_range": 16,
    "bias_range": 16,
    "tc_min": 1,
    "tc_max": 1,
    "inv_time_constants": [
        1.0,
        1.0
    ]
}