{
    "size": 2,
    "voltages": [
        0.0,
        0.0
    ],
    "time_constants": [
        1.0,
        1.0
    ],
    "biases": [
        -15.555492853753002,
        13.957073154717545
    ],
    "inner_weights": [
        [
            -14.766026211794891,
            8.963214736789599
        ],
        [
            -13.033479829307733,
            4.252565967503273
        ]
    ],
    "outputs": [
        0.0,
        0.0
    ],
    "weight_range": 16,
    "bias_range": 16,
    "tc_min": 1,
    "tc_max": 1,
    "inv_time_constants": [
        1.0,
        1.0
    ]
}