{
    "size": 2,
    "voltages": [
        0.0,
        0.0
    ],
    "time_constants": [
        1.0,
        1.0
    ],
    "biases": [
        13.329854908783734,
        9.225942420430378
    ],
    "inner_weights": [
        [
            -10.061591205806742,
            -3.6288223026537594
        ],
        [
            10.620678356389433,
            -9.64168163072377
        ]
    ],
    "outputs": [
        0.0,
        0.0
    ],
    "weight_range": 16,
    "bias_range": 16,
    "tc_min": 1,
    "tc_max": 1,
    "inv_time_constants": [
        1.0,
        1.0
    ]
}