{
    "size": 2,
    "voltages": [
        0.0,
        0.0
    ],
    "time_constants": [
        1.0,
        1.0
    ],
    "biases": [
        -10.045495594654689,
        -7.433295538778825
    ],
    "inner_weights": [
        [
            -11.1022656394833,
            -10.954058847698967
        ],
        [
            15.535715653860883,
            12.943927385769399
        ]
    ],
    "outputs": [
        0.0,
        0.0
    ],
    "weight_range": 16,
    "bias_range": 16,
    "tc_min": 1,
    "tc_max": 1,
    "inv_time_constants": [
        1.0,
        1.0
    ]
}