{
    "size": 2,
    "voltages": [
        0.0,
        0.0
    ],
    "time_constants": [
        1.0,
        1.0
    ],
    "biases": [
        -8.29616269500221,
        11.796543581241291
    ],
    "inner_weights": [
        [
            5.000453927454618,
            14.55684406122328
        ],
        [
            15.068033119802124,
            -12.86937032590761
        ]
    ],
    "outputs": [
        0.0,
        0.0
    ],
    "weight_range": 16,
    "bias_range": 16,
    "tc_min": 1,
    "tc_max": 1,
    "inv_time_constants": [
        1.0,
        1.0
    ]
}