{
    "size": 2,
    "voltages": [
        0.0,
        0.0
    ],
    "time_constants": [
        1.0,
        1.0
    ],
    "biases": [
        -8.552693504726697,
        -15.635238263122243
    ],
    "inner_weights": [
        [
            11.94974088933812,
            14.993301210269824
        ],
        [
            11.814225286845438,
            0.9873821297791672
        ]
    ],
    "outputs": [
        0.0,
        0.0
    ],
    "weight_range": 16,
    "bias_range": 16,
    "tc_min": 1,
    "tc_max": 1,
    "inv_time_constants": [
        1.0,
        1.0
    ]
}