{
    "size": 2,
    "voltages": [
        0.0,
        0.0
    ],
    "time_constants": [
        1.0,
        1.0
    ],
    "biases": [
        -12.469973598316788,
        14.793922798279066
    ],
    "inner_weights": [
        [
            -6.053446407796631,
            10.2075910630032
        ],
        [
            -5.287916013711197,
            -9.801167402446634
        ]
    ],
    "outputs": [
        0.0,
        0.0
    ],
    "weight_range": 16,
    "bias_range": 16,
    "tc_min": 1,
    "tc_max": 1,
    "inv_time_constants": [
        1.0,
        1.0
    ]
}