{
    "size": 2,
    "voltages": [
        0.0,
        0.0
    ],
    "time_constants": [
        1.0,
        1.0
    ],
    "biases": [
        3.264064217326016,
        0.8164666676666776
    ],
    "inner_weights": [
        [
            1.500452996651351,
            9.532768681043368
        ],
        [
            10.252860156748202,
            -12.094404261433564
        ]
    ],
    "outputs": [
        0.0,
        0.0
    ],
    "weight_range": 16,
    "bias_range": 16,
    "tc_min": 1,
    "tc_max": 1,
    "inv_time_constants": [
        1.0,
        1.0
    ]
}