{
    "size": 2,
    "voltages": [
        0.0,
        0.0
    ],
    "time_constants": [
        1.0,
        1.0
    ],
    "biases": [
        11.85798599922635,
        -9.986515468093796
    ],
    "inner_weights": [
        [
            -6.146081516000933,
            0.620527337769623
        ],
        [
            8.585525169215149,
            9.255063557467512
        ]
    ],
    "outputs": [
        0.0,
        0.0
    ],
    "weight_range": 16,
    "bias_range": 16,
    "tc_min": 1,
    "tc_max": 1,
    "inv_time_constants": [
        1.0,
        1.0
    ]
}