{
    "size": 2,
    "voltages": [
        0.0,
        0.0
    ],
    "time_constants": [
        1.0,
        1.0
    ],
    "biases": [
        10.151513980885436,
        -12.436907645040058
    ],
    "inner_weights": [
        [
            -1.3422416568291027,
            -6.132812577122827
        ],
        [
            -8.592414558862007,
            -7.122414343803971
        ]
    ],
    "outputs": [
        0.0,
        0.0
    ],
    "weight_range": 16,
    "bias_range": 16,
    "tc_min": 1,
    "tc_max": 1,
    "inv_time_constants": [
        1.0,
        1.0
    ]
}