{
    "size": 2,
    "voltages": [
        0.0,
        0.0
    ],
    "time_constants": [
        1.0,
        1.0
    ],
    "biases": [
        -9.338705219048922,
        -11.618654436997499
    ],
    "inner_weights": [
        [
            -6.8462777068635,
            14.659378128608001
        ],
        [
            8.650013831004095,
            15.579840098958812
        ]
    ],
    "outputs": [
        0.0,
        0.0
    ],
    "weight_range": 16,
    "bias_range": 16,
    "tc_min": 1,
    "tc_max": 1,
    "inv_time_constants": [
        1.0,
        1.0
    ]
}