{
    "size": 2,
    "voltages": [
        0.0,
        0.0
    ],
    "time_constants": [
        1.0,
        1.0
    ],
    "biases": [
        15.295664383891285,
        1.2318678531338776
    ],
    "inner_weights": [
        [
            -13.55813474003337,
            8.957401351683668
        ],
        [
            -1.970904593891408,
            7.150885690590119
        ]
    ],
    "outputs": [
        0.0,
        0.0
    ],
    "weight_range": 16,
    "bias_range": 16,
    "tc_min": 1,
    "tc_max": 1,
    "inv_time_constants": [
        1.0,
        1.0
    ]
}