{
    "size": 2,
    "voltages": [
        0.0,
        0.0
    ],
    "time_constants": [
        1.0,
        1.0
    ],
    "biases": [
        9.34509634097374,
        -5.616940880696678
    ],
    "inner_weights": [
        [
            -15.440311330203116,
            12.53034454976827
        ],
        [
            -6.884442640834614,
            -6.432755921313348
        ]
    ],
    "outputs": [
        0.0,
        0.0
    ],
    "weight_range": 16,
    "bias_range": 16,
    "tc_min": 1,
    "tc_max": 1,
    "inv_time_constants": [
        1.0,
        1.0
    ]
}