{
    "size": 2,
    "voltages": [
        0.0,
        0.0
    ],
    "time_constants": [
        1.0,
        1.0
    ],
    "biases": [
        -2.548230333200351,
        -5.429285727876028
    ],
    "inner_weights": [
        [
            -2.0481631314558797,
            -15.170360581507477
        ],
        [
            1.5891992921186926,
            -2.06968343621514
        ]
    ],
    "outputs": [
        0.0,
        0.0
    ],
    "weight_range": 16,
    "bias_range": 16,
    "tc_min": 1,
    "tc_max": 1,
    "inv_time_constants": [
        1.0,
        1.0
    ]
}