{
    "size": 2,
    "voltages": [
        0.0,
        0.0
    ],
    "time_constants": [
        1.0,
        1.0
    ],
    "biases": [
        1.149405034601397,
        5.108310108372372
    ],
    "inner_weights": [
        [
            3.403338808847213,
            5.040370195770102
        ],
        [
            -6.168287701005763,
            14.784111524826955
        ]
    ],
    "outputs": [
        0.0,
        0.0
    ],
    "weight_range": 16,
    "bias_range": 16,
    "tc_min": 1,
    "tc_max": 1,
    "inv_time_constants": [
        1.0,
        1.0
    ]
}