{
    "size": 2,
    "voltages": [
        0.0,
        0.0
    ],
    "time_constants": [
        1.0,
        1.0
    ],
    "biases": [
        -5.531550214043527,
        11.492399710355127
    ],
    "inner_weights": [
        [
            -12.318253875527073,
            3.490129256943405
        ],
        [
            -11.731489146048375,
            -8.30113216110884
        ]
    ],
    "outputs": [
        0.0,
        0.0
    ],
    "weight_range": 16,
    "bias_range": 16,
    "tc_min": 1,
    "tc_max": 1,
    "inv_time_constants": [
        1.0,
        1.0
    ]
}