{
    "size": 2,
    "voltages": [
        0.0,
        0.0
    ],
    "time_constants": [
        1.0,
        1.0
    ],
    "biases": [
        -2.844795906396378,
        -12.243982491689103
    ],
    "inner_weights": [
        [
            11.84397237207078,
            2.6328617175219122
        ],
        [
            -7.07715389756579,
            -10.050840573114264
        ]
    ],
    "outputs": [
        0.0,
        0.0
    ],
    "weight_range": 16,
    "bias_range": 16,
    "tc_min": 1,
    "tc_max": 1,
    "inv_time_constants": [
        1.0,
        1.0
    ]
}