{
    "size": 2,
    "voltages": [
        0.0,
        0.0
    ],
    "time_constants": [
        1.0,
        1.0
    ],
    "biases": [
        -0.06802310801221267,
        -12.194874028503449
    ],
    "inner_weights": [
        [
            7.432551938203261,
            2.1500484944283116
        ],
        [
            -6.360835518400226,
            8.978653615285491
        ]
    ],
    "outputs": [
        0.0,
        0.0
    ],
    "weight_range": 16,
    "bias_range": 16,
    "tc_min": 1,
    "tc_max": 1,
    "inv_time_constants": [
        1.0,
        1.0
    ]
}