{
    "size": 2,
    "voltages": [
        0.0,
        0.0
    ],
    "time_constants": [
        1.0,
        1.0
    ],
    "biases": [
        1.0554682698925504,
        11.82278720013166
    ],
    "inner_weights": [
        [
            -8.678288398179163,
            -9.897983404026146
        ],
        [
            12.363509471436757,
            7.005628658861006
        ]
    ],
    "outputs": [
        0.0,
        0.0
    ],
    "weight_range": 16,
    "bias_range": 16,
    "tc_min": 1,
    "tc_max": 1,
    "inv_time_constants": [
        1.0,
        1.0
    ]
}