{
    "size": 2,
    "voltages": [
        0.0,
        0.0
    ],
    "time_constants": [
        1.0,
        1.0
    ],
    "biases": [
        -2.553484653192722,
        -0.4663328586309632
    ],
    "inner_weights": [
        [
            -10.231369955943386,
            -15.376792272396013
        ],
        [
            -1.1770071520529726,
            7.197885734148731
        ]
    ],
    "outputs": [
        0.0,
        0.0
    ],
    "weight_range": 16,
    "bias_range": 16,
    "tc_min": 1,
    "tc_max": 1,
    "inv_time_constants": [
        1.0,
        1.0
    ]
}