{
    "size": 2,
    "voltages": [
        0.0,
        0.0
    ],
    "time_constants": [
        1.0,
        1.0
    ],
    "biases": [
        13.058306666026077,
        5.924806533101034
    ],
    "inner_weights": [
        [
            0.701302928008154,
            6.3810037444692504
        ],
        [
            -7.364192925665591,
            5.583419990047755
        ]
    ],
    "outputs": [
        0.0,
        0.0
    ],
    "weight_range": 16,
    "bias_range": 16,
    "tc_min": 1,
    "tc_max": 1,
    "inv_time_constants": [
        1.0,
        1.0
    ]
}