{
    "size": 2,
    "voltages": [
        0.0,
        0.0
    ],
    "time_constants": [
        1.0,
        1.0
    ],
    "biases": [
        5.864856319199582,
        2.1403091039895124
    ],
    "inner_weights": [
        [
            -6.369137412610733,
            -8.094021377221939
        ],
        [
            13.64272432189362,
            12.531310024888448
        ]
    ],
    "outputs": [
        0.0,
        0.0
    ],
    "weight_range": 16,
    "bias_range": 16,
    "tc_min": 1,
    "tc_max": 1,
    "inv_time_constants": [
        1.0,
        1.0
    ]
}