{
    "size": 2,
    "voltages": [
        0.0,
        0.0
    ],
    "time_constants": [
        1.0,
        1.0
    ],
    "biases": [
        -9.777598165316235,
        -7.961267728416207
    ],
    "inner_weights": [
        [
            -11.062797499799174,
            -11.72161405759789
        ],
        [
            -4.394065082339598,
            5.731484014260207
        ]
    ],
    "outputs": [
        0.0,
        0.0
    ],
    "weight_range": 16,
    "bias_range": 16,
    "tc_min": 1,
    "tc_max": 1,
    "inv_time_constants": [
        1.0,
        1.0
    ]
}