{
    "size": 2,
    "voltages": [
        0.0,
        0.0
    ],
    "time_constants": [
        1.0,
        1.0
    ],
    "biases": [
        14.889512005000334,
        -1.7913656249827419
    ],
    "inner_weights": [
        [
            -14.458200719992394,
            5.790816443766971
        ],
        [
            9.558274172921656,
            9.60347493305224
        ]
    ],
    "outputs": [
        0.0,
        0.0
    ],
    "weight_range": 16,
    "bias_range": 16,
    "tc_min": 1,
    "tc_max": 1,
    "inv_time_constants": [
        1.0,
        1.0
    ]
}