{
    "size": 2,
    "voltages": [
        0.0,
        0.0
    ],
    "time_constants": [
        1.0,
        1.0
    ],
    "biases": [
        -14.080066254060227,
        -3.639111006633314
    ],
    "inner_weights": [
        [
            1.467245757919315,
            11.483411538923487
        ],
        [
            5.948562770130533,
            -5.389061727570105
        ]
    ],
    "outputs": [
        0.0,
        0.0
    ],
    "weight_range": 16,
    "bias_range": 16,
    "tc_min": 1,
    "tc_max": 1,
    "inv_time_constants": [
        1.0,
        1.0
    ]
}