{
    "size": 2,
    "voltages": [
        0.0,
        0.0
    ],
    "time_constants": [
        1.0,
        1.0
    ],
    "biases": [
        -3.7318152680761543,
        15.34261222862466
    ],
    "inner_weights": [
        [
            -2.376914863395335,
            10.066679695825684
        ],
        [
            7.532713286389747,
            11.776102396151543
        ]
    ],
    "outputs": [
        0.0,
        0.0
    ],
    "weight_range": 16,
    "bias_range": 16,
    "tc_min": 1,
    "tc_max": 1,
    "inv_time_constants": [
        1.0,
        1.0
    ]
}