{
    "size": 2,
    "voltages": [
        0.0,
        0.0
    ],
    "time_constants": [
        1.0,
        1.0
    ],
    "biases": [
        -8.926548375627117,
        5.95910672759894
    ],
    "inner_weights": [
        [
            0.5535322830908562,
            14.302803322074052
        ],
        [
            8.494712300701021,
            -6.9633329930523935
        ]
    ],
    "outputs": [
        0.0,
        0.0
    ],
    "weight_range": 16,
    "bias_range": 16,
    "tc_min": 1,
    "tc_max": 1,
    "inv_time_constants": [
        1.0,
        1.0
    ]
}