{
    "size": 2,
    "voltages": [
        0.0,
        0.0
    ],
    "time_constants": [
        1.0,
        1.0
    ],
    "biases": [
        -0.04777560631710642,
        -8.806507343012875
    ],
    "inner_weights": [
        [
            8.682260584535872,
            -15.335937620499152
        ],
        [
            4.2767435176408135,
            7.961724241235579
        ]
    ],
    "outputs": [
        0.0,
        0.0
    ],
    "weight_range": 16,
    "bias_range": 16,
    "tc_min": 1,
    "tc_max": 1,
    "inv_time_constants": [
        1.0,
        1.0
    ]
}