{
    "size": 2,
    "voltages": [
        0.0,
        0.0
    ],
    "time_constants": [
        1.0,
        1.0
    ],
    "biases": [
        -1.5887812170473232,
        -6.274806229095503
    ],
    "inner_weights": [
        [
            -2.9540151014308442,
            -14.228286716420477
        ],
        [
            9.233116079576085,
            -6.8062340867409326
        ]
    ],
    "outputs": [
        0.0,
        0.0
    ],
    "weight_range": 16,
    "bias_range": 16,
    "tc_min": 1,
    "tc_max": 1,
    "inv_time_constants": [
        1.0,
        1.0
    ]
}