{
    "size": 2,
    "voltages": [
        0.0,
        0.0
    ],
    "time_constants": [
        1.0,
        1.0
    ],
    "biases": [
        -15.53360120046657,
        13.399904259196319
    ],
    "inner_weights": [
        [
            -11.066789043850484,
            7.681590288492952
        ],
        [
            -7.5739195140756905,
            1.0796605881695278
        ]
    ],
    "outputs": [
        0.0,
        0.0
    ],
    "weight_range": 16,
    "bias_range": 16,
    "tc_min": 1,
    "tc_max": 1,
    "inv_time_constants": [
        1.0,
        1.0
    ]
}