{
    "size": 2,
    "voltages": [
        0.0,
        0.0
    ],
    "time_constants": [
        1.0,
        1.0
    ],
    "biases": [
        5.750145324036158,
        1.4168261255946852
    ],
    "inner_weights": [
        [
            2.2060870438158595,
            -13.889144717137842
        ],
        [
            12.419541436808228,
            13.749061669570207
        ]
    ],
    "outputs": [
        0.0,
        0.0
    ],
    "weight_range": 16,
    "bias_range": 16,
    "tc_min": 1,
    "tc_max": 1,
    "inv_time_constants": [
        1.0,
        1.0
    ]
}