{
    "size": 2,
    "voltages": [
        0.0,
        0.0
    ],
    "time_constants": [
        1.0,
        1.0
    ],
    "biases": [
        4.205291959384471,
        -6.689816407483711
    ],
    "inner_weights": [
        [
            -14.919849266457334,
            -0.34855974510129073
        ],
        [
            11.074723112988252,
            -2.835136006087218
        ]
    ],
    "outputs": [
        0.0,
        0.0
    ],
    "weight_range": 16,
    "bias_range": 16,
    "tc_min": 1,
    "tc_max": 1,
    "inv_time_constants": [
        1.0,
        1.0
    ]
}