{
    "size": 2,
    "voltages": [
        0.0,
        0.0
    ],
    "time_constants": [
        1.0,
        1.0
    ],
    "biases": [
        2.747244292314793,
        1.1439918167384242
    ],
    "inner_weights": [
        [
            11.093197030724284,
            1.9572972884810937
        ],
        [
            -1.4439871230159085,
            -4.730402761857224
        ]
    ],
    "outputs": [
        0.0,
        0.0
    ],
    "weight_range": 16,
    "bias_range": 16,
    "tc_min": 1,
    "tc_max": 1,
    "inv_time_constants": [
        1.0,
        1.0
    ]
}