{
    "size": 2,
    "voltages": [
        0.0,
        0.0
    ],
    "time_constants": [
        1.0,
        1.0
    ],
    "biases": [
        -9.410471511441951,
        -14.375255785747942
    ],
    "inner_weights": [
        [
            -14.440803814107927,
            -6.748490886725861
        ],
        [
            7.070923098599355,
            -15.308280002689607
        ]
    ],
    "outputs": [
        0.0,
        0.0
    ],
    "weight_range": 16,
    "bias_range": 16,
    "tc_min": 1,
    "tc_max": 1,
    "inv_time_constants": [
        1.0,
        1.0
    ]
}