{
    "size": 2,
    "voltages": [
        0.0,
        0.0
    ],
    "time_constants": [
        1.0,
        1.0
    ],
    "biases": [
        7.573427136359161,
        10.118564451599386
    ],
    "inner_weights": [
        [
            11.484456553377271,
            -4.073243040791041
        ],
        [
            1.7641208959550951,
            14.581009567736565
        ]
    ],
    "outputs": [
        0.0,
        0.0
    ],
    "weight_range": 16,
    "bias_range": 16,
    "tc_min": 1,
    "tc_max": 1,
    "inv_time_constants": [
        1.0,
        1.0
    ]
}