{
    "size": 2,
    "voltages": [
        0.0,
        0.0
    ],
    "time_constants": [
        1.0,
        1.0
    ],
    "biases": [
        -15.988670088590407,
        11.403745474363287
    ],
    "inner_weights": [
        [
            12.348175982004022,
            9.234610137719187
        ],
        [
            -2.4086997927965577,
            -0.6761713008899406
        ]
    ],
    "outputs": [
        0.0,
        0.0
    ],
    "weight_range": 16,
    "bias_range": 16,
    "tc_min": 1,
    "tc_max": 1,
    "inv_time_constants": [
        1.0,
        1.0
    ]
}