{
    "size": 2,
    "voltages": [
        0.0,
        0.0
    ],
    "time_constants": [
        1.0,
        1.0
    ],
    "biases": [
        -11.452445265454767,
        -9.006122379965497
    ],
    "inner_weights": [
        [
            -15.668027075657601,
            0.05998694875964006
        ],
        [
            -0.13525461970732522,
            -11.71745507330315
        ]
    ],
    "outputs": [
        0.0,
        0.0
    ],
    "weight_range": 16,
    "bias_range": 16,
    "tc_min": 1,
    "tc_max": 1,
    "inv_time_constants": [
        1.0,
        1.0
    ]
}