{
    "size": 2,
    "voltages": [
        0.0,
        0.0
    ],
    "time_constants": [
        1.0,
        1.0
    ],
    "biases": [
        -4.502053190141698,
        3.495628179780855
    ],
    "inner_weights": [
        [
            10.714948757300782,
            -12.646524660164168
        ],
        [
            7.8284954137445695,
            -4.463973239798857
        ]
    ],
    "outputs": [
        0.0,
        0.0
    ],
    "weight_range": 16,
    "bias_range": 16,
    "tc_min": 1,
    "tc_max": 1,
    "inv_time_constants": [
        1.0,
        1.0
    ]
}