{
    "size": 2,
    "voltages": [
        0.0,
        0.0
    ],
    "time_constants": [
        1.0,
        1.0
    ],
    "biases": [
        -8.03646476528533,
        9.931638919887277
    ],
    "inner_weights": [
        [
            -9.529526610232278,
            9.105523331537949
        ],
        [
            11.537191655584998,
            -5.53327356539409
        ]
    ],
    "outputs": [
        0.0,
        0.0
    ],
    "weight_range": 16,
    "bias_range": 16,
    "tc_min": 1,
    "tc_max": 1,
    "inv_time_constants": [
        1.0,
        1.0
    ]
}