{
    "size": 2,
    "voltages": [
        0.0,
        0.0
    ],
    "time_constants": [
        1.0,
        1.0
    ],
    "biases": [
        6.399718101359614,
        6.857507259876318
    ],
    "inner_weights": [
        [
            4.72163357929675,
            0.22879002281856486
        ],
        [
            0.9069241648716613,
            12.681126528316412
        ]
    ],
    "outputs": [
        0.0,
        0.0
    ],
    "weight_range": 16,
    "bias_range": 16,
    "tc_min": 1,
    "tc_max": 1,
    "inv_time_constants": [
        1.0,
        1.0
    ]
}