{
    "size": 2,
    "voltages": [
        0.0,
        0.0
    ],
    "time_constants": [
        1.0,
        1.0
    ],
    "biases": [
        14.803450037578198,
        -4.906821107847499
    ],
    "inner_weights": [
        [
            4.612593154186719,
            -3.8160483316762708
        ],
        [
            5.217532970741395,
            -10.763176764711893
        ]
    ],
    "outputs": [
        0.0,
        0.0
    ],
    "weight_range": 16,
    "bias_range": 16,
    "tc_min": 1,
    "tc_max": 1,
    "inv_time_constants": [
        1.0,
        1.0
    ]
}