{
    "size": 2,
    "voltages": [
        0.0,
        0.0
    ],
    "time_constants": [
        1.0,
        1.0
    ],
    "biases": [
        -7.187170284594817,
        0.9600071966536099
    ],
    "inner_weights": [
        [
            11.162166312594518,
            -10.275330402528049
        ],
        [
            -14.260377142194194,
            -4.430769725176866
        ]
    ],
    "outputs": [
        0.0,
        0.0
    ],
    "weight_range": 16,
    "bias_range": 16,
    "tc_min": 1,
    "tc_max": 1,
    "inv_time_constants": [
        1.0,
        1.0
    ]
}