{
    "size": 2,
    "voltages": [
        0.0,
        0.0
    ],
    "time_constants": [
        1.0,
        1.0
    ],
    "biases": [
        -11.007403505842031,
        -11.008175349241515
    ],
    "inner_weights": [
        [
            -4.0147161968844,
            14.422857805117317
        ],
        [
            7.423806137964963,
            3.157071494305171
        ]
    ],
    "outputs": [
        0.0,
        0.0
    ],
    "weight_range": 16,
    "bias_range": 16,
    "tc_min": 1,
    "tc_max": 1,
    "inv_time_constants": [
        1.0,
        1.0
    ]
}