{
    "size": 2,
    "voltages": [
        0.0,
        0.0
    ],
    "time_constants": [
        1.0,
        1.0
    ],
    "biases": [
        -14.851533260260695,
        6.136242616284285
    ],
    "inner_weights": [
        [
            2.820185634472775,
            12.726839293101374
        ],
        [
            12.528983343190657,
            10.106799273845887
        ]
    ],
    "outputs": [
        0.0,
        0.0
    ],
    "weight_range": 16,
    "bias_range": 16,
    "tc_min": 1,
    "tc_max": 1,
    "inv_time_constants": [
        1.0,
        1.0
    ]
}