{
    "size": 2,
    "voltages": [
        0.0,
        0.0
    ],
    "time_constants": [
        1.0,
        1.0
    ],
    "biases": [
        12.57430253912495,
        12.681378845870018
    ],
    "inner_weights": [
        [
            1.6255328823864161,
            6.6607303237793545
        ],
        [
            -6.6910483547857815,
            0.3464833663252165
        ]
    ],
    "outputs": [
        0.0,
        0.0
    ],
    "weight_range": 16,
    "bias_range": 16,
    "tc_min": 1,
    "tc_max": 1,
    "inv_time_constants": [
        1.0,
        1.0
    ]
}