{
    "size": 2,
    "voltages": [
        0.0,
        0.0
    ],
    "time_constants": [
        1.0,
        1.0
    ],
    "biases": [
        15.123235644956587,
        -1.48962408264601
    ],
    "inner_weights": [
        [
            8.886477138362245,
            -8.398680958882807
        ],
        [
            10.376913045163793,
            14.903974337375992
        ]
    ],
    "outputs": [
        0.0,
        0.0
    ],
    "weight_range": 16,
    "bias_range": 16,
    "tc_min": 1,
    "tc_max": 1,
    "inv_time_constants": [
        1.0,
        1.0
    ]
}