{
    "size": 2,
    "voltages": [
        0.0,
        0.0
    ],
    "time_constants": [
        1.0,
        1.0
    ],
    "biases": [
        3.5448570399088126,
        -6.515585334536734
    ],
    "inner_weights": [
        [
            -7.700112961649811,
            -14.612446362819192
        ],
        [
            2.624970948051338,
            -12.399610630044116
        ]
    ],
    "outputs": [
        0.0,
        0.0
    ],
    "weight_range": 16,
    "bias_range": 16,
    "tc_min": 1,
    "tc_max": 1,
    "inv_time_constants": [
        1.0,
        1.0
    ]
}