{
    "size": 2,
    "voltages": [
        0.0,
        0.0
    ],
    "time_constants": [
        1.0,
        1.0
    ],
    "biases": [
        -12.854897109219227,
        3.8442019160594825
    ],
    "inner_weights": [
        [
            10.339530902713342,
            -15.164224589764245
        ],
        [
            -9.255339522198593,
            3.7894966191875277
        ]
    ],
    "outputs": [
        0.0,
        0.0
    ],
    "weight_range": 16,
    "bias_range": 16,
    "tc_min": 1,
    "tc_max": 1,
    "inv_time_constants": [
        1.0,
        1.0
    ]
}