{
    "size": 2,
    "voltages": [
        0.0,
        0.0
    ],
    "time_constants": [
        1.0,
        1.0
    ],
    "biases": [
        11.852662027102383,
        -10.07872233081904
    ],
    "inner_weights": [
        [
            -8.047675921992642,
            -1.600786526374545
        ],
        [
            -2.8498943041106948,
            -7.6704098916192045
        ]
    ],
    "outputs": [
        0.0,
        0.0
    ],
    "weight_range": 16,
    "bias_range": 16,
    "tc_min": 1,
    "tc_max": 1,
    "inv_time_constants": [
        1.0,
        1.0
    ]
}