{
    "size": 2,
    "voltages": [
        0.0,
        0.0
    ],
    "time_constants": [
        1.0,
        1.0
    ],
    "biases": [
        -11.10276538201951,
        0.00032515181292680495
    ],
    "inner_weights": [
        [
            1.7261127200187651,
            -3.3200674014282647
        ],
        [
            -14.459943277437546,
            0.8215219549712884
        ]
    ],
    "outputs": [
        0.0,
        0.0
    ],
    "weight_range": 16,
    "bias_range": 16,
    "tc_min": 1,
    "tc_max": 1,
    "inv_time_constants": [
        1.0,
        1.0
    ]
}