{
    "size": 2,
    "voltages": [
        0.0,
        0.0
    ],
    "time_constants": [
        1.0,
        1.0
    ],
    "biases": [
        9.183534719997226,
        5.002672696827375
    ],
    "inner_weights": [
        [
            -6.570719914012489,
            0.9787761793694116
        ],
        [
            -9.871334817680165,
            -13.827188537878676
        ]
    ],
    "outputs": [
        0.0,
        0.0
    ],
    "weight_range": 16,
    "bias_range": 16,
    "tc_min": 1,
    "tc_max": 1,
    "inv_time_constants": [
        1.0,
        1.0
    ]
}