{
    "size": 2,
    "voltages": [
        0.0,
        0.0
    ],
    "time_constants": [
        1.0,
        1.0
    ],
    "biases": [
        2.143065631014828,
        -3.25587331523953
    ],
    "inner_weights": [
        [
            -6.3720534385082,
            -10.017733877059904
        ],
        [
            -5.658154337016978,
            5.30398624922589
        ]
    ],
    "outputs": [
        0.0,
        0.0
    ],
    "weight_range": 16,
    "bias_range": 16,
    "tc_min": 1,
    "tc_max": 1,
    "inv_time_constants": [
        1.0,
        1.0
    ]
}