{
    "size": 2,
    "voltages": [
        0.0,
        0.0
    ],
    "time_constants": [
        1.0,
        1.0
    ],
    "biases": [
        -11.303811493852383,
        -13.04516496739847
    ],
    "inner_weights": [
        [
            -2.655295849517632,
            7.050383790149059
        ],
        [
            -15.996340005844964,
            -6.325357675781127
        ]
    ],
    "outputs": [
        0.0,
        0.0
    ],
    "weight_range": 16,
    "bias_range": 16,
    "tc_min": 1,
    "tc_max": 1,
    "inv_time_constants": [
        1.0,
        1.0
    ]
}