{
    "size": 2,
    "voltages": [
        0.0,
        0.0
    ],
    "time_constants": [
        1.0,
        1.0
    ],
    "biases": [
        -1.5754844611115644,
        -3.440896960329873
    ],
    "inner_weights": [
        [
            7.02034515980667,
            3.4310776199036646
        ],
        [
            6.075571666520439,
            -2.45014467518288
        ]
    ],
    "outputs": [
        0.0,
        0.0
    ],
    "weight_range": 16,
    "bias_range": 16,
    "tc_min": 1,
    "tc_max": 1,
    "inv_time_constants": [
        1.0,
        1.0
    ]
}