{
    "size": 2,
    "voltages": [
        0.0,
        0.0
    ],
    "time_constants": [
        1.0,
        1.0
    ],
    "biases": [
        14.87764586312571,
        -15.886542502088613
    ],
    "inner_weights": [
        [
            10.383023229225017,
            -10.196808560089607
        ],
        [
            12.074456582625682,
            -0.014358164907545046
        ]
    ],
    "outputs": [
        0.0,
        0.0
    ],
    "weight_range": 16,
    "bias_range": 16,
    "tc_min": 1,
    "tc_max": 1,
    "inv_time_constants": [
        1.0,
        1.0
    ]
}