{
    "size": 2,
    "voltages": [
        0.0,
        0.0
    ],
    "time_constants": [
        1.0,
        1.0
    ],
    "biases": [
        -4.456677268871275,
        -8.861409865878759
    ],
    "inner_weights": [
        [
            -8.854685467086757,
            0.7412269248216354
        ],
        [
            1.6224466105977946,
            -14.540737595750198
        ]
    ],
    "outputs": [
        0.0,
        0.0
    ],
    "weight_range": 16,
    "bias_range": 16,
    "tc_min": 1,
    "tc_max": 1,
    "inv_time_constants": [
        1.0,
        1.0
    ]
}