{
    "size": 2,
    "voltages": [
        0.0,
        0.0
    ],
    "time_constants": [
        1.0,
        1.0
    ],
    "biases": [
        -6.088450383833468,
        14.64331965970851
    ],
    "inner_weights": [
        [
            0.44618700072608775,
            8.741281666537496
        ],
        [
            11.853685943194005,
            -15.742497647045827
        ]
    ],
    "outputs": [
        0.0,
        0.0
    ],
    "weight_range": 16,
    "bias_range": 16,
    "tc_min": 1,
    "tc_max": 1,
    "inv_time_constants": [
        1.0,
        1.0
    ]
}