{
    "size": 2,
    "voltages": [
        0.0,
        0.0
    ],
    "time_constants": [
        1.0,
        1.0
    ],
    "biases": [
        -12.274441498670999,
        3.323702046362019
    ],
    "inner_weights": [
        [
            -7.970444040161915,
            -14.524933738476424
        ],
        [
            5.658119715537868,
            -14.608976459367934
        ]
    ],
    "outputs": [
        0.0,
        0.0
    ],
    "weight_range": 16,
    "bias_range": 16,
    "tc_min": 1,
    "tc_max": 1,
    "inv_time_constants": [
        1.0,
        1.0
    ]
}