{
    "size": 2,
    "voltages": [
        0.0,
        0.0
    ],
    "time_constants": [
        1.0,
        1.0
    ],
    "biases": [
        -4.657713131487245,
        10.027710501825936
    ],
    "inner_weights": [
        [
            15.494139217362456,
            -5.330807487531093
        ],
        [
            5.558451989412401,
            -9.715506649135214
        ]
    ],
    "outputs": [
        0.0,
        0.0
    ],
    "weight_range": 16,
    "bias_range": 16,
    "tc_min": 1,
    "tc_max": 1,
    "inv_time_constants": [
        1.0,
        1.0
    ]
}