{
    "size": 2,
    "voltages": [
        0.0,
        0.0
    ],
    "time_constants": [
        1.0,
        1.0
    ],
    "biases": [
        6.643364424290592,
        9.587347253121724
    ],
    "inner_weights": [
        [
            -12.368368899403215,
            15.183459021966613
        ],
        [
            7.319508272035399,
            -4.753030211433554
        ]
    ],
    "outputs": [
        0.0,
        0.0
    ],
    "weight_range": 16,
    "bias_range": 16,
    "tc_min": 1,
    "tc_max": 1,
    "inv_time_constants": [
        1.0,
        1.0
    ]
}