{
    "size": 2,
    "voltages": [
        0.0,
        0.0
    ],
    "time_constants": [
        1.0,
        1.0
    ],
    "biases": [
        -4.446196673150144,
        7.674911686701986
    ],
    "inner_weights": [
        [
            14.720553706749392,
            6.384385598386434
        ],
        [
            15.995753363964134,
            -8.957846406948743
        ]
    ],
    "outputs": [
        0.0,
        0.0
    ],
    "weight_range": 16,
    "bias_range": 16,
    "tc_min": 1,
    "tc_max": 1,
    "inv_time_constants": [
        1.0,
        1.0
    ]
}