{
    "size": 2,
    "voltages": [
        0.0,
        0.0
    ],
    "time_constants": [
        1.0,
        1.0
    ],
    "biases": [
        8.678930816312132,
        -6.4338037684551175
    ],
    "inner_weights": [
        [
            10.782211976464758,
            15.047547262090553
        ],
        [
            -1.6910788716316354,
            -6.893407711083789
        ]
    ],
    "outputs": [
        0.0,
        0.0
    ],
    "weight_range": 16,
    "bias_range": 16,
    "tc_min": 1,
    "tc_max": 1,
    "inv_time_constants": [
        1.0,
        1.0
    ]
}