{
    "size": 2,
    "voltages": [
        0.0,
        0.0
    ],
    "time_constants": [
        1.0,
        1.0
    ],
    "biases": [
        -1.3753655873690036,
        -6.027168067987343
    ],
    "inner_weights": [
        [
            -3.868847186119357,
            2.147141349747649
        ],
        [
            3.0589604050279,
            -1.6045152366255166
        ]
    ],
    "outputs": [
        0.0,
        0.0
    ],
    "weight_range": 16,
    "bias_range": 16,
    "tc_min": 1,
    "tc_max": 1,
    "inv_time_constants": [
        1.0,
        1.0
    ]
}