{
    "size": 2,
    "voltages": [
        0.0,
        0.0
    ],
    "time_constants": [
        1.0,
        1.0
    ],
    "biases": [
        -3.925916873884031,
        15.890375364948778
    ],
    "inner_weights": [
        [
            -0.17274734278331394,
            -8.701340657621241
        ],
        [
            -7.824834439769237,
            -3.3174428888711383
        ]
    ],
    "outputs": [
        0.0,
        0.0
    ],
    "weight_range": 16,
    "bias_range": 16,
    "tc_min": 1,
    "tc_max": 1,
    "inv_time_constants": [
        1.0,
        1.0
    ]
}