{
    "size": 2,
    "voltages": [
        0.0,
        0.0
    ],
    "time_constants": [
        1.0,
        1.0
    ],
    "biases": [
        1.9631672246583207,
        -7.885153464955739
    ],
    "inner_weights": [
        [
            -6.520026826482127,
            9.890166901546454
        ],
        [
            -4.791919192850834,
            9.261096205788562
        ]
    ],
    "outputs": [
        0.0,
        0.0
    ],
    "weight_range": 16,
    "bias_range": 16,
    "tc_min": 1,
    "tc_max": 1,
    "inv_time_constants": [
        1.0,
        1.0
    ]
}