{
    "size": 2,
    "voltages": [
        0.0,
        0.0
    ],
    "time_constants": [
        1.0,
        1.0
    ],
    "biases": [
        -5.393709975330193,
        -13.344013919779428
    ],
    "inner_weights": [
        [
            -12.87892474401755,
            8.359990933595402
        ],
        [
            -8.097984858677535,
            -11.579786000757775
        ]
    ],
    "outputs": [
        0.0,
        0.0
    ],
    "weight_range": 16,
    "bias_range": 16,
    "tc_min": 1,
    "tc_max": 1,
    "inv_time_constants": [
        1.0,
        1.0
    ]
}