{
    "size": 2,
    "voltages": [
        0.0,
        0.0
    ],
    "time_constants": [
        1.0,
        1.0
    ],
    "biases": [
        9.001862600751235,
        0.3517754128996202
    ],
    "inner_weights": [
        [
            7.328439753251811,
            1.9596672744845165
        ],
        [
            -12.00105305570429,
            -3.277044201596251
        ]
    ],
    "outputs": [
        0.0,
        0.0
    ],
    "weight_range": 16,
    "bias_range": 16,
    "tc_min": 1,
    "tc_max": 1,
    "inv_time_constants": [
        1.0,
        1.0
    ]
}