{
    "size": 2,
    "voltages": [
        0.0,
        0.0
    ],
    "time_constants": [
        1.0,
        1.0
    ],
    "biases": [
        10.24889394622128,
        -5.7163509884915875
    ],
    "inner_weights": [
        [
            0.021380042892197082,
            -1.021842369660316
        ],
        [
            0.025040820551435417,
            -11.226298705532539
        ]
    ],
    "outputs": [
        0.0,
        0.0
    ],
    "weight_range": 16,
    "bias_range": 16,
    "tc_min": 1,
    "tc_max": 1,
    "inv_time_constants": [
        1.0,
        1.0
    ]
}