{
    "size": 2,
    "voltages": [
        0.0,
        0.0
    ],
    "time_constants": [
        1.0,
        1.0
    ],
    "biases": [
        -1.7769761289023016,
        -0.8701449678244693
    ],
    "inner_weights": [
        [
            15.648368431219204,
            1.585431259031214
        ],
        [
            -6.993686337437989,
            -13.526733885466474
        ]
    ],
    "outputs": [
        0.0,
        0.0
    ],
    "weight_range": 16,
    "bias_range": 16,
    "tc_min": 1,
    "tc_max": 1,
    "inv_time_constants": [
        1.0,
        1.0
    ]
}