{
    "size": 2,
    "voltages": [
        0.0,
        0.0
    ],
    "time_constants": [
        1.0,
        1.0
    ],
    "biases": [
        9.835492155845273,
        -4.377132911327074
    ],
    "inner_weights": [
        [
            7.31223013106322,
            3.251654795846825
        ],
        [
            14.469781356992439,
            -11.418449672927025
        ]
    ],
    "outputs": [
        0.0,
        0.0
    ],
    "weight_range": 16,
    "bias_range": 16,
    "tc_min": 1,
    "tc_max": 1,
    "inv_time_constants": [
        1.0,
        1.0
    ]
}