{
    "size": 2,
    "voltages": [
        0.0,
        0.0
    ],
    "time_constants": [
        1.0,
        1.0
    ],
    "biases": [
        4.276291109485019,
        3.390761023699138
    ],
    "inner_weights": [
        [
            -3.6872601754642,
            11.51065109089981
        ],
        [
            14.214388345837442,
            6.490396595543341
        ]
    ],
    "outputs": [
        0.0,
        0.0
    ],
    "weight_range": 16,
    "bias_range": 16,
    "tc_min": 1,
    "tc_max": 1,
    "inv_time_constants": [
        1.0,
        1.0
    ]
}