{
    "size": 2,
    "voltages": [
        0.0,
        0.0
    ],
    "time_constants": [
        1.0,
        1.0
    ],
    "biases": [
        -5.861357721896336,
        -11.263740770246923
    ],
    "inner_weights": [
        [
            13.67937723580668,
            11.917641421094899
        ],
        [
            2.7082007230577005,
            12.965445559161502
        ]
    ],
    "outputs": [
        0.0,
        0.0
    ],
    "weight_range": 16,
    "bias_range": 16,
    "tc_min": 1,
    "tc_max": 1,
    "inv_time_constants": [
        1.0,
        1.0
    ]
}