{
    "size": 2,
    "voltages": [
        0.0,
        0.0
    ],
    "time_constants": [
        1.0,
        1.0
    ],
    "biases": [
        10.475732106734664,
        -4.5861074004849485
    ],
    "inner_weights": [
        [
            -7.774642332635523,
            5.881202658274319
        ],
        [
            5.236536242211699,
            8.868173902924795
        ]
    ],
    "outputs": [
        0.0,
        0.0
    ],
    "weight_range": 16,
    "bias_range": 16,
    "tc_min": 1,
    "tc_max": 1,
    "inv_time_constants": [
        1.0,
        1.0
    ]
}