{
    "size": 2,
    "voltages": [
        0.0,
        0.0
    ],
    "time_constants": [
        1.0,
        1.0
    ],
    "biases": [
        2.053923665981589,
        -15.488317649262264
    ],
    "inner_weights": [
        [
            -0.009781744997312103,
            -7.810011702026554
        ],
        [
            -7.740779808365616,
            -12.898505297946748
        ]
    ],
    "outputs": [
        0.0,
        0.0
    ],
    "weight_range": 16,
    "bias_range": 16,
    "tc_min": 1,
    "tc_max": 1,
    "inv_time_constants": [
        1.0,
        1.0
    ]
}