{
    "size": 8,
    "voltages": [
        0.0,
        0.0,
        0.0,
        0.0,
        0.0,
        0.0,
        0.0,
        0.0
    ],
    "time_constants": [
        1.0,
        1.0,
        1.0,
        1.0,
        1.0,
        1.0,
        1.0,
        1.0
    ],
    "biases": [
        12.28365496746359,
        -15.497721825569801,
        9.45902871531278,
        8.582094061705991,
        11.905401150501454,
        13.315522764465769,
        -7.237977826630903,
        -8.435803955756818
    ],
    "inner_weights": [
        [
            -6.570719914012489,
            0.9787761793694116,
            -9.871334817680165,
            -13.827188537878676,
            9.183534719997226,
            5.002672696827375,
            4.400668673396346,
            2.419292600097087
        ],
        [
            -14.749986681956273,
            -4.549964656526434,
            14.261861978189042,
            -14.078570229907669,
            11.649347313478753,
            12.073296836736969,
            -14.361802700145482,
            4.8773956949009545
        ],
        [
            1.656043796316009,
            3.1204241036496327,
            -0.5270840220799329,
            -6.944378852576282,
            -6.472777014343308,
            1.9682849704435554,
            -3.3264820464951512,
            9.238422709724787
        ],
        [
            -2.6084996689319375,
            -11.395074535189508,
            -11.170985778538334,
            -14.23227679309364,
            6.977190198516663,
            -6.645844655867567,
            -9.639236089589023,
            10.603645513936673
        ],
        [
            2.1757158311881923,
            -13.365128025200615,
            1.439954365783052,
            -10.913320173847186,
            5.656396342494734,
            -12.208887523869553,
            -1.760125884157798,
            12.415437893030369
        ],
        [
            9.512567359849925,
            -13.824680695563956,
            14.745208206936901,
            5.094572556032695,
            7.000834663181909,
            7.794456484291089,
            12.407563260340382,
            -11.713738637574625
        ],
        [
            8.863186579378567,
            10.815728390250403,
            10.537752445069703,
            -15.066976111366117,
            -3.5080162791492953,
            -2.0079362506226914,
            0.6603220323626182,
            -0.2280744266981074
        ],
        [
            -11.82626296932419,
            15.50027299182311,
            -13.89752569862127,
            2.5370904878102394,
            2.5847944027752945,
            14.538811697821576,
            -9.681799119562392,
            -13.333587179827038
        ]
    ],
    "outputs": [
        0.0,
        0.0,
        0.0,
        0.0,
        0.0,
        0.0,
        0.0,
        0.0
    ],
    "weight_range": 16,
    "bias_range": 16,
    "tc_min": 1,
    "tc_max": 1,
    "inv_time_constants": [
        1.0,
        1.0,
        1.0,
        1.0,
        1.0,
        1.0,
        1.0,
        1.0
    ]
}