{
    "size": 8,
    "voltages": [
        0.0,
        0.0,
        0.0,
        0.0,
        0.0,
        0.0,
        0.0,
        0.0
    ],
    "time_constants": [
        1.0,
        1.0,
        1.0,
        1.0,
        1.0,
        1.0,
        1.0,
        1.0
    ],
    "biases": [
        -15.132894402002915,
        -8.289672023503368,
        -7.477542081417049,
        -3.8332348880193727,
        -0.6639457172257437,
        -5.714588935032236,
        -2.014198272546743,
        1.86461356452741
    ],
    "inner_weights": [
        [
            -7.970444040161915,
            -14.524933738476424,
            5.658119715537868,
            -14.608976459367934,
            -12.274441498670999,
            3.323702046362019,
            -9.890218791048348,
            5.392502952331064
        ],
        [
            13.358331163868694,
            -2.599037217622307,
            -5.367684798472233,
            -6.942923674504748,
            -10.03896744325682,
            -5.852464944427819,
            -0.6026025978951921,
            -13.775345030028625
        ],
        [
            6.559442290507381,
            -5.930338112654713,
            7.849035357415929,
            -3.2571905317368177,
            3.4632467047375606,
            7.310607596332865,
            -2.503742797873443,
            -3.3949371760710036
        ],
        [
            -8.568877638384095,
            -1.8667326695106041,
            -4.063315365395827,
            2.6753932712987876,
            -12.798995984174123,
            7.723260312818461,
            -13.337666195519525,
            -11.960833769395041
        ],
        [
            -5.667471040038233,
            4.573673359521884,
            15.983095351004739,
            -7.007947160252833,
            2.6311887433800543,
            11.923233931651609,
            9.258855007089135,
            -9.021193798000741
        ],
        [
            -4.908091805015378,
            7.088020533008901,
            -4.674612021508715,
            -1.258102251789822,
            -8.179274905000863,
            -6.954777390821299,
            10.441006911988119,
            11.97989554454994
        ],
        [
            -11.43139193388949,
            -7.03770150788397,
            0.805412683570033,
            12.827454863970072,
            3.2786222389292483,
            6.137462082625127,
            -6.95696278431819,
            -7.1517606685533615
        ],
        [
            -10.998813279708912,
            5.241229097746899,
            14.169871218510327,
            5.802287765830432,
            11.615447581066363,
            13.168210898147152,
            10.090895432919947,
            10.551931653289849
        ]
    ],
    "outputs": [
        0.0,
        0.0,
        0.0,
        0.0,
        0.0,
        0.0,
        0.0,
        0.0
    ],
    "weight_range": 16,
    "bias_range": 16,
    "tc_min": 1,
    "tc_max": 1,
    "inv_time_constants": [
        1.0,
        1.0,
        1.0,
        1.0,
        1.0,
        1.0,
        1.0,
        1.0
    ]
}