{
    "size": 8,
    "voltages": [
        0.0,
        0.0,
        0.0,
        0.0,
        0.0,
        0.0,
        0.0,
        0.0
    ],
    "time_constants": [
        1.0,
        1.0,
        1.0,
        1.0,
        1.0,
        1.0,
        1.0,
        1.0
    ],
    "biases": [
        2.5758599270578237,
        14.921311030767235,
        11.591039190610413,
        -4.145490697049979,
        -6.840628970268064,
        8.340020172462484,
        -11.731858482409809,
        14.510209322840364
    ],
    "inner_weights": [
        [
            13.67937723580668,
            11.917641421094899,
            2.7082007230577005,
            12.965445559161502,
            -5.861357721896336,
            -11.263740770246923,
            11.505091271782621,
            -2.121569063963083
        ],
        [
            -0.2073344881457757,
            -1.5179616880877909,
            -4.379050406802445,
            -7.606890646872735,
            2.9225078896280756,
            -6.079648695845091,
            -14.601451308512928,
            6.660168805522332
        ],
        [
            -10.076499577415031,
            -9.897113636700084,
            7.518370012877188,
            -11.969721637324103,
            -6.1739308267264015,
            13.892832306810305,
            15.543187659302696,
            15.295081132789335
        ],
        [
            -11.800727359277708,
            -15.843409991319,
            9.215725525583245,
            5.590788569544596,
            -4.982225976784985,
            -5.077011201779911,
            -0.37294053393850035,
            0.930754055655644
        ],
        [
            15.750336936887916,
            14.336735901157763,
            9.62591060147566,
            -10.014676001433973,
            -11.03634900400257,
            -14.961311062325056,
            -7.461456209889192,
            -4.286404532342935
        ],
        [
            14.991102100130316,
            -4.294143223551227,
            -0.5155819444462608,
            -9.65768346507674,
            13.27796796600158,
            -9.165282676909282,
            11.014150957615655,
            -14.330181590309337
        ],
        [
            -8.571727512964411,
            9.566527074391345,
            -8.942925726563239,
            -6.404721987222377,
            -2.670811381904155,
            -0.1865742064431366,
            -10.088063630931725,
            -11.42645359004543
        ],
        [
            -12.512959574586734,
            -1.8832827162258212,
            10.55797143081162,
            14.295313429076923,
            1.1100951297839394,
            3.7963985883285893,
            -4.76427730853532,
            11.710114146261873
        ]
    ],
    "outputs": [
        0.0,
        0.0,
        0.0,
        0.0,
        0.0,
        0.0,
        0.0,
        0.0
    ],
    "weight_range": 16,
    "bias_range": 16,
    "tc_min": 1,
    "tc_max": 1,
    "inv_time_constants": [
        1.0,
        1.0,
        1.0,
        1.0,
        1.0,
        1.0,
        1.0,
        1.0
    ]
}