{
    "size": 8,
    "voltages": [
        0.0,
        0.0,
        0.0,
        0.0,
        0.0,
        0.0,
        0.0,
        0.0
    ],
    "time_constants": [
        1.0,
        1.0,
        1.0,
        1.0,
        1.0,
        1.0,
        1.0,
        1.0
    ],
    "biases": [
        -15.393011895240086,
        -0.18157036329020926,
        14.291972123445412,
        -4.934290314302935,
        -2.965475425664085,
        10.525645785755462,
        6.848492693382433,
        -0.42970331833023323
    ],
    "inner_weights": [
        [
            9.08263522578402,
            4.314678593687365,
            -8.030621071496036,
            8.258427668794166,
            -5.981538059786246,
            13.991595439628721,
            -14.628305652727555,
            -1.8922494902462574
        ],
        [
            13.207113277926325,
            -1.4398745943430775,
            0.25389890252133185,
            -13.282945446569595,
            -2.356806685902793,
            7.862942710203907,
            11.746604659545287,
            -5.642693539178541
        ],
        [
            -12.669619285974775,
            9.667457499310306,
            -3.3653776262362314,
            4.088578823494071,
            -14.848366604809577,
            -6.402948799310867,
            -14.475096972670936,
            -4.089245510203995
        ],
        [
            -7.602713714297693,
            15.696838605205954,
            -3.355348860702069,
            -6.158743596829879,
            -8.924763636873458,
            -0.19119920043560512,
            -14.14799393206588,
            -6.7295986967086385
        ],
        [
            -8.481587499991118,
            14.829773278516122,
            3.7015639384799925,
            11.602687017665335,
            -13.117271801598623,
            -11.232355149443038,
            5.522398837929053,
            15.327741593997885
        ],
        [
            -15.256847836214568,
            13.046902117624597,
            -14.14235788107991,
            8.18129389702171,
            -13.932707901125578,
            -7.816530438132723,
            -10.57255153707517,
            -9.755926504164126
        ],
        [
            -12.59018076511025,
            0.6652672124435348,
            -15.800119157269002,
            9.299363086131198,
            -11.561250431580131,
            -12.571353755248062,
            -2.2527627647192325,
            -8.992867923988921
        ],
        [
            10.7472553300174,
            -15.81200895839234,
            -11.253667355411533,
            6.347002961275283,
            -11.276483048099848,
            11.865105158613108,
            0.44755893999732876,
            -2.4063918006745055
        ]
    ],
    "outputs": [
        0.0,
        0.0,
        0.0,
        0.0,
        0.0,
        0.0,
        0.0,
        0.0
    ],
    "weight_range": 16,
    "bias_range": 16,
    "tc_min": 1,
    "tc_max": 1,
    "inv_time_constants": [
        1.0,
        1.0,
        1.0,
        1.0,
        1.0,
        1.0,
        1.0,
        1.0
    ]
}