{
    "size": 8,
    "voltages": [
        0.0,
        0.0,
        0.0,
        0.0,
        0.0,
        0.0,
        0.0,
        0.0
    ],
    "time_constants": [
        1.0,
        1.0,
        1.0,
        1.0,
        1.0,
        1.0,
        1.0,
        1.0
    ],
    "biases": [
        0.6558871939117132,
        5.906209372912453,
        -2.390710550644773,
        3.3111378339601565,
        10.363171470605145,
        -1.5401195698312655,
        12.414246433065781,
        -8.947214826443556
    ],
    "inner_weights": [
        [
            11.162166312594518,
            -10.275330402528049,
            -14.260377142194194,
            -4.430769725176866,
            -7.187170284594817,
            0.9600071966536099,
            -6.210594696450688,
            -6.25682050706742
        ],
        [
            -12.42427916238097,
            -8.003231555836336,
            13.364156730769999,
            -7.547300695892044,
            6.9687579991537945,
            11.70288109408493,
            9.826543431852024,
            -9.262381354917505
        ],
        [
            -10.648222993393745,
            -14.505395466173706,
            -14.73848602376006,
            -9.592614087184867,
            15.953388887269504,
            -4.070816693507577,
            8.336328765726389,
            -0.8488178341388419
        ],
        [
            0.31088978616494956,
            14.241229350094166,
            -12.497707253061442,
            -1.117018855525263,
            -11.470231683174354,
            1.2271603890216198,
            -6.4320429919921445,
            1.2078470214027526
        ],
        [
            5.300081210395341,
            -4.3414783818193285,
            3.936595818705932,
            4.567196327846762,
            -2.5605817568840514,
            -3.0962421116748082,
            -3.5065495649106992,
            -3.0019352808802715
        ],
        [
            -13.45068462752327,
            -14.18140155481332,
            -13.493410923741155,
            6.261689940452083,
            -15.066913251035427,
            -0.016242568669312618,
            -11.755701832177241,
            -15.015819726534875
        ],
        [
            4.463661706044135,
            -1.728059279372399,
            15.187412343025496,
            -5.447490164109077,
            -9.746405657178013,
            5.8894787940291025,
            -4.76483656745021,
            8.673155626856584
        ],
        [
            9.337584043823192,
            -1.7960131479862689,
            -7.39749435973631,
            -15.235058494255469,
            -4.117357895429606,
            -12.872611851012376,
            7.280721554493194,
            -1.2977783892570969
        ]
    ],
    "outputs": [
        0.0,
        0.0,
        0.0,
        0.0,
        0.0,
        0.0,
        0.0,
        0.0
    ],
    "weight_range": 16,
    "bias_range": 16,
    "tc_min": 1,
    "tc_max": 1,
    "inv_time_constants": [
        1.0,
        1.0,
        1.0,
        1.0,
        1.0,
        1.0,
        1.0,
        1.0
    ]
}