{
    "size": 8,
    "voltages": [
        0.0,
        0.0,
        0.0,
        0.0,
        0.0,
        0.0,
        0.0,
        0.0
    ],
    "time_constants": [
        1.0,
        1.0,
        1.0,
        1.0,
        1.0,
        1.0,
        1.0,
        1.0
    ],
    "biases": [
        -0.3585774860416713,
        -4.117645707376184,
        5.205368004399624,
        -1.5469216378525665,
        -2.063730958706145,
        -6.476435630586749,
        -5.507073369603681,
        -4.159678198578327
    ],
    "inner_weights": [
        [
            7.432551938203261,
            2.1500484944283116,
            -6.360835518400226,
            8.978653615285491,
            -0.06802310801221267,
            -12.194874028503449,
            -3.5660952709481535,
            -3.3714307027410477
        ],
        [
            -5.199181496535154,
            -13.35837581947386,
            -4.313671828646154,
            -2.915475238108005,
            13.86446918804937,
            -6.656247501987071,
            10.836524101848266,
            15.654976060020694
        ],
        [
            -2.7112258253452204,
            6.306861607517334,
            14.717740253802173,
            -1.9524285502304792,
            5.967494463707709,
            -6.491140691605938,
            15.293505237120424,
            6.186293011467434
        ],
        [
            -14.982822183881424,
            -11.805518275393752,
            -7.542277381173484,
            12.381248754120051,
            11.467180427167843,
            4.807923834526136,
            10.150446795230113,
            1.5502248124366922
        ],
        [
            0.6714055045444809,
            3.294139348806194,
            -10.35693924406836,
            15.02750944571827,
            -10.653358242997236,
            -0.9837601004368821,
            0.6539770034602874,
            9.615508906055549
        ],
        [
            15.511122269926844,
            6.976218809587046,
            -2.3682285517995965,
            -13.868845408678713,
            -13.50074854153766,
            -15.434085781772563,
            -1.96823358560313,
            -10.701425259971817
        ],
        [
            -9.503827250610094,
            -15.826393130277005,
            10.764217114333729,
            3.4515323536262095,
            -0.2961836468174752,
            -5.343173325356222,
            7.30749862436117,
            -14.920383045950778
        ],
        [
            -7.06537305208051,
            -9.89182582671025,
            -12.982238140300051,
            -4.485805625313702,
            -7.833765678449989,
            -14.811349413791849,
            -9.412240435468004,
            -4.605167802779022
        ]
    ],
    "outputs": [
        0.0,
        0.0,
        0.0,
        0.0,
        0.0,
        0.0,
        0.0,
        0.0
    ],
    "weight_range": 16,
    "bias_range": 16,
    "tc_min": 1,
    "tc_max": 1,
    "inv_time_constants": [
        1.0,
        1.0,
        1.0,
        1.0,
        1.0,
        1.0,
        1.0,
        1.0
    ]
}