{
    "size": 8,
    "voltages": [
        0.0,
        0.0,
        0.0,
        0.0,
        0.0,
        0.0,
        0.0,
        0.0
    ],
    "time_constants": [
        1.0,
        1.0,
        1.0,
        1.0,
        1.0,
        1.0,
        1.0,
        1.0
    ],
    "biases": [
        12.166599551286001,
        9.080261144039898,
        -7.920722730188533,
        13.66689672126488,
        -1.7679807989505,
        -3.931157319673101,
        12.602351342200798,
        8.129723829541344
    ],
    "inner_weights": [
        [
            -12.368368899403215,
            15.183459021966613,
            7.319508272035399,
            -4.753030211433554,
            6.643364424290592,
            9.587347253121724,
            4.65797934426536,
            -2.7328125699786767
        ],
        [
            6.592992360736293,
            -8.107219783211459,
            -7.808242198465205,
            -15.23163666734845,
            -12.840769444838063,
            -6.3860340684387715,
            4.507381689933624,
            -5.689345661776674
        ],
        [
            -10.064187581571506,
            13.350193569200467,
            -7.330534292007361,
            -7.246467468881001,
            14.541205836753367,
            -11.932333726109967,
            7.9124751961398765,
            -15.832385417635116
        ],
        [
            11.417299451659687,
            6.270598442294332,
            1.6968225355055573,
            13.927545518390907,
            0.4039529517935101,
            -10.316413900934709,
            1.1797053588624742,
            -6.609285824643305
        ],
        [
            -15.660734307178888,
            12.281622969351876,
            5.005140739950274,
            14.152191124713443,
            7.838249528638734,
            -7.449265735664255,
            -4.420387909475799,
            0.844924338330145
        ],
        [
            1.5003190739632508,
            -7.722549632523929,
            -10.41163688789944,
            -4.457271759955354,
            -11.514167511013813,
            -3.5494830351467748,
            -0.8995733073345598,
            15.002461536792971
        ],
        [
            -11.341841614929951,
            0.45615109649632046,
            0.8848585596661707,
            -6.232239485484367,
            -10.890407803197508,
            3.1011688297883353,
            -12.680678056993912,
            2.1749148326047596
        ],
        [
            -3.63819581481998,
            -13.288894474656129,
            1.983973667514089,
            4.738293713679532,
            5.181886243668476,
            -9.94423010252676,
            14.531486253011153,
            -14.111217399370606
        ]
    ],
    "outputs": [
        0.0,
        0.0,
        0.0,
        0.0,
        0.0,
        0.0,
        0.0,
        0.0
    ],
    "weight_range": 16,
    "bias_range": 16,
    "tc_min": 1,
    "tc_max": 1,
    "inv_time_constants": [
        1.0,
        1.0,
        1.0,
        1.0,
        1.0,
        1.0,
        1.0,
        1.0
    ]
}