{
    "size": 8,
    "voltages": [
        0.0,
        0.0,
        0.0,
        0.0,
        0.0,
        0.0,
        0.0,
        0.0
    ],
    "time_constants": [
        1.0,
        1.0,
        1.0,
        1.0,
        1.0,
        1.0,
        1.0,
        1.0
    ],
    "biases": [
        -11.617895340916697,
        14.373941022815064,
        -12.304538634465331,
        15.688781641698707,
        -1.9157806284207162,
        -11.451172421942278,
        5.529301148952175,
        -7.508377555173567
    ],
    "inner_weights": [
        [
            -1.3422416568291027,
            -6.132812577122827,
            -8.592414558862007,
            -7.122414343803971,
            10.151513980885436,
            -12.436907645040058,
            4.045991326536079,
            -7.142787627631542
        ],
        [
            5.82958957403185,
            5.727065085143774,
            9.49495739480777,
            -14.534330799272542,
            13.20314478113179,
            -9.157888437213867,
            -6.2836063592794815,
            15.650035950410839
        ],
        [
            -10.051791906523874,
            15.639194733157165,
            8.002695403902887,
            -8.883646556341056,
            -11.267074933448594,
            0.5052888035667245,
            -3.383733805648987,
            -13.763835988089305
        ],
        [
            -5.176775353792948,
            -15.646808918715486,
            8.560891457952586,
            11.991108174597063,
            1.0750182628982614,
            -13.298792015085162,
            10.378598263135064,
            0.14659824033139301
        ],
        [
            12.211796060597255,
            -10.430518885994733,
            -3.105347636955017,
            10.62804941076654,
            15.31719909663164,
            3.813272486553725,
            11.837460970423397,
            -8.035939197429133
        ],
        [
            4.577086681214173,
            -6.385578912937547,
            -8.148462312222442,
            1.472757866814323,
            -12.16765305067123,
            -5.020905423526141,
            4.217182882396042,
            10.609661489818617
        ],
        [
            -4.627587427550441,
            -8.466823521712268,
            9.665130656990172,
            3.3188115829074434,
            -0.20383555116715968,
            13.857637009513297,
            4.8995760753267135,
            5.723181598854637
        ],
        [
            -6.026916165230997,
            -12.155443394841498,
            -11.042616527950429,
            8.515582943805182,
            0.40009247558483807,
            -1.2286728418691126,
            8.085204092141407,
            14.435402624149845
        ]
    ],
    "outputs": [
        0.0,
        0.0,
        0.0,
        0.0,
        0.0,
        0.0,
        0.0,
        0.0
    ],
    "weight_range": 16,
    "bias_range": 16,
    "tc_min": 1,
    "tc_max": 1,
    "inv_time_constants": [
        1.0,
        1.0,
        1.0,
        1.0,
        1.0,
        1.0,
        1.0,
        1.0
    ]
}