{
    "size": 8,
    "voltages": [
        0.0,
        0.0,
        0.0,
        0.0,
        0.0,
        0.0,
        0.0,
        0.0
    ],
    "time_constants": [
        1.0,
        1.0,
        1.0,
        1.0,
        1.0,
        1.0,
        1.0,
        1.0
    ],
    "biases": [
        -6.866537695654213,
        -7.083661048297337,
        12.63162966174038,
        5.552473834664081,
        -5.82738169115089,
        -11.417900199113308,
        -14.653127860710548,
        5.622455454656553
    ],
    "inner_weights": [
        [
            -9.003358395289407,
            -14.995112975917422,
            -6.811991125129492,
            -10.475371022233393,
            -6.291955811890869,
            -10.785592879773173,
            6.37804010328853,
            8.688346613382183
        ],
        [
            0.465678324104541,
            -8.45417958023798,
            -8.638731948839226,
            0.18288532358587162,
            -11.706081184404827,
            1.9667924155188317,
            -0.5759935006387238,
            5.749400180660597
        ],
        [
            7.638633341770404,
            -10.715499018519871,
            -12.777801367518705,
            13.682802355565734,
            -8.951311008852915,
            -12.793341711998917,
            9.377801349855691,
            -12.562354346124696
        ],
        [
            -1.4162910194491936,
            -12.572283857825322,
            1.0423225115756978,
            -1.7256060428317106,
            -10.248953047695057,
            15.521296869413945,
            5.223247768507992,
            4.164108317638515
        ],
        [
            1.6086606658061129,
            -15.042004304592012,
            -12.614682446685439,
            -4.806122166220195,
            -14.387070248366637,
            1.6529444808049796,
            9.819907648776699,
            -3.9476704420426536
        ],
        [
            13.80177005927477,
            -6.273199478512144,
            -2.854702262916426,
            -9.225003175611086,
            -2.8589943243250993,
            -13.028466925862777,
            11.858824435833508,
            -5.382875629694556
        ],
        [
            13.938717235060036,
            4.498274616616957,
            -13.99946516167675,
            -1.392791492167408,
            6.329266774527255,
            5.644702934370638,
            -14.40462165412374,
            7.0467796284378466
        ],
        [
            12.311448534481336,
            -15.016917468334796,
            9.976675288982044,
            -12.546841357895548,
            14.485380554696182,
            3.1219453272592794,
            0.9904084752036688,
            -4.665459594194843
        ]
    ],
    "outputs": [
        0.0,
        0.0,
        0.0,
        0.0,
        0.0,
        0.0,
        0.0,
        0.0
    ],
    "weight_range": 16,
    "bias_range": 16,
    "tc_min": 1,
    "tc_max": 1,
    "inv_time_constants": [
        1.0,
        1.0,
        1.0,
        1.0,
        1.0,
        1.0,
        1.0,
        1.0
    ]
}