{
    "size": 8,
    "voltages": [
        0.0,
        0.0,
        0.0,
        0.0,
        0.0,
        0.0,
        0.0,
        0.0
    ],
    "time_constants": [
        1.0,
        1.0,
        1.0,
        1.0,
        1.0,
        1.0,
        1.0,
        1.0
    ],
    "biases": [
        7.573319344564197,
        10.513291678305446,
        7.8260628144802915,
        -10.318814786046492,
        11.470502267319358,
        -15.8236028190851,
        -4.555418568278149,
        14.500743965915344
    ],
    "inner_weights": [
        [
            -9.329262804517036,
            -0.5862060235722915,
            -2.542782869940009,
            11.493823952683012,
            -10.522830284426455,
            -5.156353260681588,
            -7.342949334469402,
            6.113323214387076
        ],
        [
            -8.94705546759278,
            9.982429457237973,
            -15.66314002188453,
            1.9585182932159917,
            10.039237997286286,
            7.843209473882741,
            -9.948436631662016,
            -15.803492276924857
        ],
        [
            8.70540388622516,
            14.650629378984807,
            6.462012291017956,
            -6.477495460318384,
            8.575767742578911,
            6.0229863965636525,
            -3.6101286278072884,
            3.686586402977799
        ],
        [
            -2.3182323249811,
            2.697268581020637,
            6.484336603694462,
            -12.419354499722346,
            13.544637627022414,
            15.644360763626104,
            5.677144751617281,
            9.445272814644891
        ],
        [
            -15.069556821181123,
            -10.311709726856812,
            11.997687848886944,
            7.837826475795772,
            0.25888522330149044,
            -11.893315141511412,
            -0.50290436950052,
            0.5047516111850072
        ],
        [
            -6.039530770419699,
            -14.538830636838703,
            -1.9942188773728127,
            -12.931692482622683,
            -14.553276418953807,
            5.91451899734809,
            11.17410384664253,
            -11.993370137812416
        ],
        [
            -11.869951769221242,
            -0.8620799335789933,
            -9.678127706709148,
            9.011927962461634,
            3.4372436205437324,
            -1.8079969831389207,
            15.42493147455691,
            6.686573241796221
        ],
        [
            -9.000626706496206,
            -10.640374459437496,
            1.240495139189985,
            -5.970534776599084,
            13.169183916332084,
            -13.239818247384257,
            -5.949631044908365,
            -8.987604420341253
        ]
    ],
    "outputs": [
        0.0,
        0.0,
        0.0,
        0.0,
        0.0,
        0.0,
        0.0,
        0.0
    ],
    "weight_range": 16,
    "bias_range": 16,
    "tc_min": 1,
    "tc_max": 1,
    "inv_time_constants": [
        1.0,
        1.0,
        1.0,
        1.0,
        1.0,
        1.0,
        1.0,
        1.0
    ]
}