{
    "size": 8,
    "voltages": [
        0.0,
        0.0,
        0.0,
        0.0,
        0.0,
        0.0,
        0.0,
        0.0
    ],
    "time_constants": [
        1.0,
        1.0,
        1.0,
        1.0,
        1.0,
        1.0,
        1.0,
        1.0
    ],
    "biases": [
        -6.623256581777927,
        0.7701400096116551,
        -4.588023004071715,
        -14.538273112147198,
        15.460910251430807,
        -1.876642580644905,
        0.12801406013288386,
        -5.646677838889637
    ],
    "inner_weights": [
        [
            -2.0481631314558797,
            -15.170360581507477,
            1.5891992921186926,
            -2.06968343621514,
            -2.548230333200351,
            -5.429285727876028,
            -9.45124371078904,
            3.8166709232212384
        ],
        [
            -6.4110504424152595,
            -7.461527196708268,
            3.876282648617437,
            0.9325470168652501,
            -11.693441748962126,
            0.43449988050388555,
            -10.097924299298711,
            9.13072473013355
        ],
        [
            11.327209364463641,
            -0.18442120377831017,
            11.089967531438976,
            -13.451344735710048,
            0.16787488389452676,
            -13.9108318596199,
            -2.300085516883538,
            -12.911010698860398
        ],
        [
            -11.930880905559121,
            3.0958498873150653,
            -8.767615980664452,
            -12.577738102080545,
            -8.95020137374209,
            -4.8055588798944235,
            -1.0308004933663923,
            -9.54421675952111
        ],
        [
            4.493015206877274,
            -0.5417652623439473,
            0.1675750405935723,
            -3.6194351642061022,
            9.396398542130466,
            2.5601337240898125,
            -10.806444847925956,
            6.424075091429
        ],
        [
            14.865634562856165,
            0.00026755744693574,
            12.464642046276637,
            -5.068363114524491,
            2.1486120840866967,
            -2.3185291745244783,
            -2.024087583142432,
            8.84989391990721
        ],
        [
            1.1393335519250023,
            14.519751262235733,
            1.4146611247392684,
            -13.372962487199207,
            -4.277043146399347,
            11.227216128144054,
            -2.999198622465574,
            -15.129524291364813
        ],
        [
            -8.090328352084693,
            -13.85138013641745,
            15.803264365480732,
            15.058570028069553,
            9.608267236242778,
            3.2581478849749566,
            8.478715534453809,
            -10.584785709306306
        ]
    ],
    "outputs": [
        0.0,
        0.0,
        0.0,
        0.0,
        0.0,
        0.0,
        0.0,
        0.0
    ],
    "weight_range": 16,
    "bias_range": 16,
    "tc_min": 1,
    "tc_max": 1,
    "inv_time_constants": [
        1.0,
        1.0,
        1.0,
        1.0,
        1.0,
        1.0,
        1.0,
        1.0
    ]
}