{
    "size": 8,
    "voltages": [
        0.0,
        0.0,
        0.0,
        0.0,
        0.0,
        0.0,
        0.0,
        0.0
    ],
    "time_constants": [
        1.0,
        1.0,
        1.0,
        1.0,
        1.0,
        1.0,
        1.0,
        1.0
    ],
    "biases": [
        -10.812162712746709,
        14.308325715557697,
        -7.9793728520053335,
        12.891276684925483,
        8.674330503153115,
        -11.297559885968663,
        12.301769177417398,
        -13.59812039037384
    ],
    "inner_weights": [
        [
            7.31223013106322,
            3.251654795846825,
            14.469781356992439,
            -11.418449672927025,
            9.835492155845273,
            -4.377132911327074,
            -10.030182006741892,
            -7.7071603747856905
        ],
        [
            4.152394963582378,
            -14.958050510754262,
            14.311426341672334,
            12.938183795782603,
            1.6041649798986342,
            -9.69573479549609,
            -8.57494939210476,
            -15.924288798585238
        ],
        [
            -8.766222560816459,
            -3.9890163982370055,
            -1.5122014290771304,
            -8.12546591762391,
            -1.275949450947241,
            -9.266976689831267,
            5.468444166484108,
            -1.543385603050229
        ],
        [
            2.9659134612589035,
            -5.535613200493906,
            -8.832305186080841,
            -9.100222990959367,
            -10.506085318325233,
            -15.274264254866686,
            4.130206928098151,
            1.0052203701923332
        ],
        [
            -8.211454838220035,
            0.7944991007792837,
            -10.424715028788295,
            -5.058055925266597,
            15.94170610255582,
            -8.562019220308446,
            -15.186659888903183,
            -11.17654706052113
        ],
        [
            -0.5380959777537022,
            -4.679603743149929,
            4.472615470784916,
            -2.578781641678372,
            -10.015688380504479,
            -4.743530991020997,
            -0.5682680372370115,
            9.664297631148703
        ],
        [
            -3.1096405893607013,
            -1.9842188021018856,
            11.937329978936326,
            -9.713896241820006,
            7.094928276871041,
            5.765126026892354,
            -9.42645251767713,
            -13.34359448731847
        ],
        [
            -9.366262431136626,
            11.80301293262282,
            6.942438305208359,
            5.364392586025403,
            -3.191082308603523,
            -13.526275697926192,
            -8.611065379317449,
            -9.559831441503828
        ]
    ],
    "outputs": [
        0.0,
        0.0,
        0.0,
        0.0,
        0.0,
        0.0,
        0.0,
        0.0
    ],
    "weight_range": 16,
    "bias_range": 16,
    "tc_min": 1,
    "tc_max": 1,
    "inv_time_constants": [
        1.0,
        1.0,
        1.0,
        1.0,
        1.0,
        1.0,
        1.0,
        1.0
    ]
}