{
    "size": 8,
    "voltages": [
        0.0,
        0.0,
        0.0,
        0.0,
        0.0,
        0.0,
        0.0,
        0.0
    ],
    "time_constants": [
        1.0,
        1.0,
        1.0,
        1.0,
        1.0,
        1.0,
        1.0,
        1.0
    ],
    "biases": [
        14.489921931937172,
        -6.760208820477704,
        -1.8576265316792089,
        -7.711310967634187,
        3.1005261992674953,
        4.969153471273909,
        -7.177745259335545,
        11.455118654051823
    ],
    "inner_weights": [
        [
            14.720553706749392,
            6.384385598386434,
            15.995753363964134,
            -8.957846406948743,
            -4.446196673150144,
            7.674911686701986,
            15.886583202851103,
            -5.876896710700532
        ],
        [
            -11.630573445647212,
            -3.7126396751487967,
            -5.743382925913821,
            -4.274727901327516,
            6.708850002820078,
            12.804557776747952,
            1.091694054327057,
            -8.086599522881755
        ],
        [
            5.497810002466409,
            1.9753314340204042,
            1.361916054704313,
            12.590323318236823,
            10.968945586081375,
            -6.207597121612064,
            4.197432878566257,
            5.767643534276964
        ],
        [
            15.05368193265026,
            12.594148861464358,
            14.157627563544978,
            4.551215399129422,
            3.6687242829466946,
            -8.714135859264772,
            -0.4469801930760724,
            9.831017580429226
        ],
        [
            11.015044912715616,
            1.109787719358632,
            8.24953759534208,
            -0.010339644677138438,
            11.210492691038784,
            3.830296811394298,
            11.571653729603643,
            -8.585689707231989
        ],
        [
            -3.129010733415324,
            3.980001989116335,
            -11.422825411715142,
            -12.070448525015063,
            -2.661442855599933,
            1.8202554256627188,
            14.125413614061518,
            -2.9037112798966227
        ],
        [
            7.576046380254088,
            15.854421579719972,
            13.333259174750964,
            -15.935255276990137,
            15.08261418333727,
            12.449541654359162,
            6.38363539959008,
            -12.879210606466359
        ],
        [
            2.3497292453888434,
            10.241187722563062,
            1.9485136206590212,
            -4.775601256945869,
            1.391992195003354,
            12.146850934787867,
            -12.34890992409003,
            -14.99395822580368
        ]
    ],
    "outputs": [
        0.0,
        0.0,
        0.0,
        0.0,
        0.0,
        0.0,
        0.0,
        0.0
    ],
    "weight_range": 16,
    "bias_range": 16,
    "tc_min": 1,
    "tc_max": 1,
    "inv_time_constants": [
        1.0,
        1.0,
        1.0,
        1.0,
        1.0,
        1.0,
        1.0,
        1.0
    ]
}