{
    "size": 8,
    "voltages": [
        0.0,
        0.0,
        0.0,
        0.0,
        0.0,
        0.0,
        0.0,
        0.0
    ],
    "time_constants": [
        1.0,
        1.0,
        1.0,
        1.0,
        1.0,
        1.0,
        1.0,
        1.0
    ],
    "biases": [
        8.889873107751772,
        -1.2988970992678617,
        -3.8462222495190197,
        -6.6594494862809235,
        1.8313235995837474,
        -13.306764745678937,
        4.20101341260947,
        14.226255613451777
    ],
    "inner_weights": [
        [
            2.820185634472775,
            12.726839293101374,
            12.528983343190657,
            10.106799273845887,
            -14.851533260260695,
            6.136242616284285,
            -3.8822098558269396,
            0.5923502543385801
        ],
        [
            5.054446897882016,
            -9.796793027745654,
            -7.285875133869315,
            6.995389875237304,
            9.056115502688336,
            11.210484472799852,
            8.807836607819606,
            -14.826742194525256
        ],
        [
            -12.265800475747355,
            8.04098238360643,
            -8.345017081612497,
            -7.846207553851304,
            11.4440169974324,
            14.392928835657688,
            1.9739794563570534,
            -10.27902336480075
        ],
        [
            8.648061860428808,
            -0.2438067323344164,
            4.20009809803345,
            10.86393353323859,
            -1.2467393186422164,
            -0.06591765416623474,
            5.741155761704025,
            4.825149251946563
        ],
        [
            -7.39855236018067,
            -13.845610657951433,
            8.686244427474008,
            -0.6085077664113321,
            -5.4653949525233045,
            0.34051379760485645,
            -7.563877482878183,
            -6.063630398518484
        ],
        [
            4.0593100069232015,
            1.8383939383130397,
            -5.805454093446336,
            -3.365016932530324,
            -7.744813252314074,
            2.631715945126899,
            -10.827881265798805,
            3.140282232480633
        ],
        [
            10.426354472192326,
            -10.995465007649688,
            7.497616618145699,
            -2.923410173477688,
            8.918012939626564,
            9.727058163552275,
            9.154286192859225,
            2.953184596986013
        ],
        [
            5.263654490419306,
            4.690153176819489,
            -2.379632673150372,
            0.43418668024778384,
            0.040250998915112746,
            -14.813318050598426,
            6.659715045808447,
            3.8537792069443064
        ]
    ],
    "outputs": [
        0.0,
        0.0,
        0.0,
        0.0,
        0.0,
        0.0,
        0.0,
        0.0
    ],
    "weight_range": 16,
    "bias_range": 16,
    "tc_min": 1,
    "tc_max": 1,
    "inv_time_constants": [
        1.0,
        1.0,
        1.0,
        1.0,
        1.0,
        1.0,
        1.0,
        1.0
    ]
}