{
    "size": 4,
    "voltages": [
        0.0,
        0.0,
        0.0,
        0.0
    ],
    "time_constants": [
        1.0,
        1.0,
        1.0,
        1.0
    ],
    "biases": [
        2.531374868553607,
        -6.534002309312033,
        -0.8455635699114752,
        4.416815503288427
    ],
    "inner_weights": [
        [
            4.387642724970591,
            16.0,
            3.369956887140467,
            -14.132878811109832
        ],
        [
            -10.595842559175223,
            -3.1477407608774484,
            16.0,
            -14.691108396872508
        ],
        [
            -15.656562072184185,
            -15.296603134570812,
            -0.5850680671251156,
            16.0
        ],
        [
            15.921410494842823,
            14.931193104806455,
            -16.0,
            3.4628463540680854
        ]
    ],
    "outputs": [
        0.0,
        0.0,
        0.0,
        0.0
    ],
    "inputs": [
        0.0,
        0.0,
        0.0,
        0.0
    ],
    "weight_range": 16,
    "bias_range": 16,
    "tc_min": 1,
    "tc_max": 1,
    "sensors": null,
    "motors": null,
    "inv_time_constants": [
        1.0,
        1.0,
        1.0,
        1.0
    ]
}