{
    "size": 4,
    "voltages": [
        0.0,
        0.0,
        0.0,
        0.0
    ],
    "time_constants": [
        1.0,
        1.0,
        1.0,
        1.0
    ],
    "biases": [
        -15.074311341850075,
        -11.767333605690697,
        13.887878106123017,
        2.670494357060535
    ],
    "inner_weights": [
        [
            -7.329070404000663,
            0.13641546371038799,
            -15.329351786952305,
            -15.442181936527946
        ],
        [
            13.102763078024369,
            -7.955706489303502,
            -13.080202063055927,
            -13.624958742259158
        ],
        [
            15.789883846396407,
            15.689170962924274,
            10.663484933664453,
            16.0
        ],
        [
            14.889330306958191,
            16.0,
            -16.0,
            4.686431533058253
        ]
    ],
    "outputs": [
        0.0,
        0.0,
        0.0,
        0.0
    ],
    "inputs": [
        0.0,
        0.0,
        0.0,
        0.0
    ],
    "weight_range": 16,
    "bias_range": 16,
    "tc_min": 1,
    "tc_max": 1,
    "sensors": null,
    "motors": null,
    "inv_time_constants": [
        1.0,
        1.0,
        1.0,
        1.0
    ]
}