{
    "size": 2,
    "voltages": [
        7.868677773582114,
        -3.006784257103057
    ],
    "time_constants": [
        1.0,
        1.0
    ],
    "biases": [
        -9.149677551143002,
        4.36067730921621
    ],
    "inner_weights": [
        [
            2.9886086389743975,
            -16.0
        ],
        [
            16.0,
            6.393699311646575
        ]
    ],
    "outputs": [
        0.21738008737556144,
        0.7947653658137684
    ],
    "inputs": [
        0.0,
        0.0
    ],
    "weight_range": 16,
    "bias_range": 16,
    "tc_min": 1,
    "tc_max": 1,
    "sensors": null,
    "motors": null,
    "inv_time_constants": [
        1.0,
        1.0
    ]
}