{
    "size": 5,
    "voltages": [
        0.0,
        0.0,
        0.0,
        0.0,
        0.0
    ],
    "time_constants": [
        1.0,
        1.0,
        1.0,
        1.0,
        1.0
    ],
    "biases": [
        -7.422944449939561,
        -8.441900916130075,
        14.776227874653056,
        3.953345638036885,
        -2.6827856467937323
    ],
    "inner_weights": [
        [
            -9.125340239069311,
            16.0,
            -15.892983955038384,
            -16.0,
            -13.4060074143825
        ],
        [
            -15.410970061406292,
            1.5273445985042728,
            -15.49867207264613,
            16.0,
            -16.0
        ],
        [
            10.596877943430938,
            5.280199192399353,
            -4.329181430285502,
            -2.692256715549724,
            15.2359107544433
        ],
        [
            13.95994025116591,
            -16.0,
            14.223353372487821,
            3.4582188624807215,
            12.829966608730427
        ],
        [
            16.0,
            16.0,
            -11.84378274206146,
            -15.099913440348823,
            5.980629547893976
        ]
    ],
    "outputs": [
        0.0,
        0.0,
        0.0,
        0.0,
        0.0
    ],
    "inputs": [
        0.0,
        0.0,
        0.0,
        0.0,
        0.0
    ],
    "weight_range": 16,
    "bias_range": 16,
    "tc_min": 1,
    "tc_max": 1,
    "sensors": null,
    "motors": null,
    "inv_time_constants": [
        1.0,
        1.0,
        1.0,
        1.0,
        1.0
    ]
}