{
    "size": 3,
    "voltages": [
        0.0,
        0.0,
        0.0
    ],
    "time_constants": [
        1.0,
        1.0,
        1.0
    ],
    "biases": [
        10.994908292068851,
        -14.423524189607354,
        -3.4408786890003245
    ],
    "inner_weights": [
        [
            6.465016241324147,
            16.0,
            15.728873175325582
        ],
        [
            -16.0,
            -0.33174550772293476,
            -15.330486972819502
        ],
        [
            -15.54825151927727,
            16.0,
            6.420617422274597
        ]
    ],
    "outputs": [
        0.0,
        0.0,
        0.0
    ],
    "inputs": [
        0.0,
        0.0,
        0.0
    ],
    "weight_range": 16,
    "bias_range": 16,
    "tc_min": 1,
    "tc_max": 1,
    "sensors": null,
    "motors": null,
    "inv_time_constants": [
        1.0,
        1.0,
        1.0
    ]
}