{
    "size": 5,
    "voltages": [
        0.0,
        0.0,
        0.0,
        0.0,
        0.0
    ],
    "time_constants": [
        1.0,
        1.0,
        1.0,
        1.0,
        1.0
    ],
    "biases": [
        -3.1687477176629892,
        -1.5962407053792367,
        0.39788461153977767,
        -1.0969600703192368,
        5.18531232920179
    ],
    "inner_weights": [
        [
            -9.603930204254212,
            14.679363977454013,
            -12.269209409711992,
            -11.551745000092122,
            -14.043243631169148
        ],
        [
            -15.551589371958343,
            2.3668650950490933,
            16.0,
            -15.64343438539005,
            10.828871785451089
        ],
        [
            16.0,
            -16.0,
            3.8447893940187203,
            14.680789763532008,
            12.480929125774802
        ],
        [
            16.0,
            11.571590437907616,
            -16.0,
            3.561086249229432,
            -15.851705110329922
        ],
        [
            5.576950301073722,
            -12.259771728144255,
            4.638553268424213,
            15.255578734362325,
            -7.311042909832296
        ]
    ],
    "outputs": [
        0.0,
        0.0,
        0.0,
        0.0,
        0.0
    ],
    "inputs": [
        0.0,
        0.0,
        0.0,
        0.0,
        0.0
    ],
    "weight_range": 16,
    "bias_range": 16,
    "tc_min": 1,
    "tc_max": 1,
    "sensors": null,
    "motors": null,
    "inv_time_constants": [
        1.0,
        1.0,
        1.0,
        1.0,
        1.0
    ]
}