{
    "size": 2,
    "voltages": [
        -6.412863890503673,
        8.463146164899264
    ],
    "time_constants": [
        1.0,
        1.0
    ],
    "biases": [
        4.397964328444597,
        -9.026795133824953
    ],
    "inner_weights": [
        [
            6.03529763242356,
            16.0
        ],
        [
            -16.0,
            3.0543531279754865
        ]
    ],
    "outputs": [
        0.11764741783609983,
        0.3627035798321169
    ],
    "inputs": [
        0.0,
        0.0
    ],
    "weight_range": 16,
    "bias_range": 16,
    "tc_min": 1,
    "tc_max": 1,
    "sensors": null,
    "motors": null,
    "inv_time_constants": [
        1.0,
        1.0
    ]
}