{
    "size": 3,
    "voltages": [
        0.0,
        0.0,
        0.0
    ],
    "time_constants": [
        1.0,
        1.0,
        1.0
    ],
    "biases": [
        0.4555676559965921,
        0.7503244936363666,
        -2.9804899983532493
    ],
    "inner_weights": [
        [
            3.504382364308124,
            -16.0,
            16.0
        ],
        [
            12.942408878395273,
            1.6407635241799734,
            -15.756647353274793
        ],
        [
            -16.0,
            12.320003848403728,
            5.26773722948053
        ]
    ],
    "outputs": [
        0.0,
        0.0,
        0.0
    ],
    "inputs": [
        0.0,
        0.0,
        0.0
    ],
    "weight_range": 16,
    "bias_range": 16,
    "tc_min": 1,
    "tc_max": 1,
    "sensors": null,
    "motors": null,
    "inv_time_constants": [
        1.0,
        1.0,
        1.0
    ]
}