{
    "size": 2,
    "voltages": [
        -3.0485852125031516,
        10.176877175788357
    ],
    "time_constants": [
        1.0,
        1.0
    ],
    "biases": [
        4.529021081406671,
        -9.175647486189638
    ],
    "inner_weights": [
        [
            6.150978750950879,
            16.0
        ],
        [
            -16.0,
            3.032222233343953
        ]
    ],
    "outputs": [
        0.8146384071028909,
        0.7313002815737015
    ],
    "inputs": [
        0.0,
        0.0
    ],
    "weight_range": 16,
    "bias_range": 16,
    "tc_min": 1,
    "tc_max": 1,
    "sensors": null,
    "motors": null,
    "inv_time_constants": [
        1.0,
        1.0
    ]
}