{
    "size": 3,
    "voltages": [
        0.0,
        0.0,
        0.0
    ],
    "time_constants": [
        1.0,
        1.0,
        1.0
    ],
    "biases": [
        2.2505883827707174,
        -2.5167964368355515,
        -3.8051567691883363
    ],
    "inner_weights": [
        [
            0.8715513299931639,
            15.604466096379356,
            -16.0
        ],
        [
            -16.0,
            4.724424216087292,
            15.658929826222275
        ],
        [
            13.816455809043337,
            -15.691443314907598,
            5.86548931167717
        ]
    ],
    "outputs": [
        0.0,
        0.0,
        0.0
    ],
    "inputs": [
        0.0,
        0.0,
        0.0
    ],
    "weight_range": 16,
    "bias_range": 16,
    "tc_min": 1,
    "tc_max": 1,
    "sensors": null,
    "motors": null,
    "inv_time_constants": [
        1.0,
        1.0,
        1.0
    ]
}