{
    "size": 2,
    "voltages": [
        7.214904249321281,
        -3.452191911755589
    ],
    "time_constants": [
        1.0,
        1.0
    ],
    "biases": [
        -9.184498230361035,
        4.072945807322811
    ],
    "inner_weights": [
        [
            2.9357272104387984,
            -16.0
        ],
        [
            16.0,
            6.433116123616459
        ]
    ],
    "outputs": [
        0.12243250394419015,
        0.6503899909267093
    ],
    "inputs": [
        0.0,
        0.0
    ],
    "weight_range": 16,
    "bias_range": 16,
    "tc_min": 1,
    "tc_max": 1,
    "sensors": null,
    "motors": null,
    "inv_time_constants": [
        1.0,
        1.0
    ]
}