{
    "size": 3,
    "voltages": [
        0.0,
        0.0,
        0.0
    ],
    "time_constants": [
        1.0,
        1.0,
        1.0
    ],
    "biases": [
        -3.3043977876796817,
        0.6069718960454179,
        -0.20265171314212527
    ],
    "inner_weights": [
        [
            5.889541718172622,
            13.720039683711011,
            -16.0
        ],
        [
            -16.0,
            1.2623381738566664,
            12.968854406370854
        ],
        [
            16.0,
            -16.0,
            3.4440006213392325
        ]
    ],
    "outputs": [
        0.0,
        0.0,
        0.0
    ],
    "inputs": [
        0.0,
        0.0,
        0.0
    ],
    "weight_range": 16,
    "bias_range": 16,
    "tc_min": 1,
    "tc_max": 1,
    "sensors": null,
    "motors": null,
    "inv_time_constants": [
        1.0,
        1.0,
        1.0
    ]
}