{
    "size": 4,
    "voltages": [
        0.0,
        0.0,
        0.0,
        0.0
    ],
    "time_constants": [
        1.0,
        1.0,
        1.0,
        1.0
    ],
    "biases": [
        8.137717770406747,
        -0.8162936394657416,
        3.6982747845106876,
        10.379310786603664
    ],
    "inner_weights": [
        [
            -3.629805789905639,
            2.31225576188658,
            -16.0,
            16.0
        ],
        [
            -13.040191756367607,
            -0.43218552856286774,
            15.999764529036312,
            -16.0
        ],
        [
            16.0,
            -15.819437274823198,
            -3.8062999676112486,
            -16.0
        ],
        [
            -16.0,
            16.0,
            -5.956335544066806,
            -6.775947499923173
        ]
    ],
    "outputs": [
        0.0,
        0.0,
        0.0,
        0.0
    ],
    "inputs": [
        0.0,
        0.0,
        0.0,
        0.0
    ],
    "weight_range": 16,
    "bias_range": 16,
    "tc_min": 1,
    "tc_max": 1,
    "sensors": null,
    "motors": null,
    "inv_time_constants": [
        1.0,
        1.0,
        1.0,
        1.0
    ]
}