{
    "size": 3,
    "voltages": [
        0.0,
        0.0,
        0.0
    ],
    "time_constants": [
        1.0,
        1.0,
        1.0
    ],
    "biases": [
        -1.7574941913476447,
        -16.0,
        12.159176735819761
    ],
    "inner_weights": [
        [
            3.9770696157918675,
            16.0,
            -15.456024747197777
        ],
        [
            -16.0,
            1.4659625813793418,
            -16.0
        ],
        [
            15.895109307425514,
            15.383952816869918,
            6.39675823227675
        ]
    ],
    "outputs": [
        0.0,
        0.0,
        0.0
    ],
    "inputs": [
        0.0,
        0.0,
        0.0
    ],
    "weight_range": 16,
    "bias_range": 16,
    "tc_min": 1,
    "tc_max": 1,
    "sensors": null,
    "motors": null,
    "inv_time_constants": [
        1.0,
        1.0,
        1.0
    ]
}