{
    "size": 3,
    "voltages": [
        0.0,
        0.0,
        0.0
    ],
    "time_constants": [
        1.0,
        1.0,
        1.0
    ],
    "biases": [
        -16.0,
        11.109269148013826,
        -1.8886019198053723
    ],
    "inner_weights": [
        [
            1.0005071404143417,
            -15.901119870112868,
            -16.0
        ],
        [
            16.0,
            7.776749554853248,
            16.0
        ],
        [
            16.0,
            -16.0,
            3.583214269228455
        ]
    ],
    "outputs": [
        0.0,
        0.0,
        0.0
    ],
    "inputs": [
        0.0,
        0.0,
        0.0
    ],
    "weight_range": 16,
    "bias_range": 16,
    "tc_min": 1,
    "tc_max": 1,
    "sensors": null,
    "motors": null,
    "inv_time_constants": [
        1.0,
        1.0,
        1.0
    ]
}