{
    "size": 2,
    "voltages": [
        10.619414468369502,
        -3.285716044950278
    ],
    "time_constants": [
        1.0,
        1.0
    ],
    "biases": [
        -9.431730199407296,
        4.669301448784142
    ],
    "inner_weights": [
        [
            3.4390210310316784,
            -16.0
        ],
        [
            16.0,
            5.824448850952317
        ]
    ],
    "outputs": [
        0.7663266417704541,
        0.7995662145676495
    ],
    "inputs": [
        0.0,
        0.0
    ],
    "weight_range": 16,
    "bias_range": 16,
    "tc_min": 1,
    "tc_max": 1,
    "sensors": null,
    "motors": null,
    "inv_time_constants": [
        1.0,
        1.0
    ]
}