{
    "size": 4,
    "voltages": [
        0.0,
        0.0,
        0.0,
        0.0
    ],
    "time_constants": [
        1.0,
        1.0,
        1.0,
        1.0
    ],
    "biases": [
        2.181880984975616,
        1.6061719222833952,
        6.182813185446586,
        -4.9050926556371675
    ],
    "inner_weights": [
        [
            -4.849568756072702,
            16.0,
            -10.300416706654708,
            -16.0
        ],
        [
            -16.0,
            6.210198855534371,
            15.881171665809598,
            10.850206391663676
        ],
        [
            2.480977948525097,
            -15.652918021179547,
            -4.190987729490443,
            16.0
        ],
        [
            16.0,
            -15.939206908970919,
            -15.036813173140963,
            4.523202049750195
        ]
    ],
    "outputs": [
        0.0,
        0.0,
        0.0,
        0.0
    ],
    "inputs": [
        0.0,
        0.0,
        0.0,
        0.0
    ],
    "weight_range": 16,
    "bias_range": 16,
    "tc_min": 1,
    "tc_max": 1,
    "sensors": null,
    "motors": null,
    "inv_time_constants": [
        1.0,
        1.0,
        1.0,
        1.0
    ]
}