{
    "size": 4,
    "voltages": [
        0.0,
        0.0,
        0.0,
        0.0
    ],
    "time_constants": [
        1.0,
        1.0,
        1.0,
        1.0
    ],
    "biases": [
        -1.2527347812701235,
        -3.1852113631181833,
        12.435161698131829,
        -0.6408707355432577
    ],
    "inner_weights": [
        [
            -9.300360762717244,
            -16.0,
            0.15453371166882002,
            -16.0
        ],
        [
            16.0,
            -9.410929602079573,
            -16.0,
            1.478611107007113
        ],
        [
            -16.0,
            15.805611228849072,
            2.6444120156839226,
            15.417247034237807
        ],
        [
            16.0,
            16.0,
            -15.933718837872185,
            -0.01410509999430748
        ]
    ],
    "outputs": [
        0.0,
        0.0,
        0.0,
        0.0
    ],
    "inputs": [
        0.0,
        0.0,
        0.0,
        0.0
    ],
    "weight_range": 16,
    "bias_range": 16,
    "tc_min": 1,
    "tc_max": 1,
    "sensors": null,
    "motors": null,
    "inv_time_constants": [
        1.0,
        1.0,
        1.0,
        1.0
    ]
}