{
    "size": 3,
    "voltages": [
        0.0,
        0.0,
        0.0
    ],
    "time_constants": [
        1.0,
        1.0,
        1.0
    ],
    "biases": [
        -14.519868311066507,
        11.11550080117557,
        -3.445226912019355
    ],
    "inner_weights": [
        [
            -1.1811295598024178,
            -15.028794710983448,
            -16.0
        ],
        [
            16.0,
            6.96696780013126,
            16.0
        ],
        [
            16.0,
            -16.0,
            6.889754599187644
        ]
    ],
    "outputs": [
        0.0,
        0.0,
        0.0
    ],
    "inputs": [
        0.0,
        0.0,
        0.0
    ],
    "weight_range": 16,
    "bias_range": 16,
    "tc_min": 1,
    "tc_max": 1,
    "sensors": null,
    "motors": null,
    "inv_time_constants": [
        1.0,
        1.0,
        1.0
    ]
}