{
    "size": 5,
    "voltages": [
        0.0,
        0.0,
        0.0,
        0.0,
        0.0
    ],
    "time_constants": [
        1.0,
        1.0,
        1.0,
        1.0,
        1.0
    ],
    "biases": [
        12.432510803138973,
        -4.970274603033379,
        -12.091715327451503,
        5.049365247494894,
        -0.03928525309679662
    ],
    "inner_weights": [
        [
            5.784555087796494,
            -16.0,
            14.015849954878107,
            15.210269098525252,
            16.0
        ],
        [
            10.042097870007693,
            -11.058886963176192,
            -16.0,
            -15.131378339580202,
            -15.26361641530653
        ],
        [
            -15.24149916045296,
            15.714792843658007,
            -2.285711981203121,
            -16.0,
            -12.39158221278926
        ],
        [
            -14.723866103531421,
            12.528063176957373,
            16.0,
            -6.7655112642561885,
            15.130097935832977
        ],
        [
            -16.0,
            11.55618560609276,
            16.0,
            11.470863716592632,
            -6.750781533741387
        ]
    ],
    "outputs": [
        0.0,
        0.0,
        0.0,
        0.0,
        0.0
    ],
    "inputs": [
        0.0,
        0.0,
        0.0,
        0.0,
        0.0
    ],
    "weight_range": 16,
    "bias_range": 16,
    "tc_min": 1,
    "tc_max": 1,
    "sensors": null,
    "motors": null,
    "inv_time_constants": [
        1.0,
        1.0,
        1.0,
        1.0,
        1.0
    ]
}