{
    "size": 6,
    "voltages": [
        0.0,
        0.0,
        0.0,
        0.0,
        0.0,
        0.0
    ],
    "time_constants": [
        1.0,
        1.0,
        1.0,
        1.0,
        1.0,
        1.0
    ],
    "biases": [
        -5.449229872963594,
        3.2313589206987845,
        2.150092345049791,
        -10.320918313113857,
        13.990243106738257,
        -7.260989210515465
    ],
    "inner_weights": [
        [
            -8.510105302042202,
            6.126339250266841,
            -16.0,
            13.286285701935135,
            -16.0,
            11.089934549087756
        ],
        [
            3.008903985874634,
            -10.367706506138406,
            5.399971811789554,
            11.08837052455764,
            -16.0,
            12.862556652810301
        ],
        [
            15.347463879719669,
            3.427952743114828,
            5.074115074166006,
            15.749497420064142,
            -14.637984752595013,
            3.2526343475012176
        ],
        [
            -14.913615227590935,
            -14.76425865183008,
            -14.674435460520199,
            -4.522171924887185,
            15.080393354687859,
            -15.847892707813674
        ],
        [
            14.263853496271246,
            16.0,
            16.0,
            -15.789864849490899,
            5.051320888622832,
            16.0
        ],
        [
            5.07819129966534,
            -5.86955205056748,
            -2.9519812906706173,
            13.336042428550517,
            -15.59327267556466,
            -8.114231017710386
        ]
    ],
    "outputs": [
        0.0,
        0.0,
        0.0,
        0.0,
        0.0,
        0.0
    ],
    "inputs": [
        0.0,
        0.0,
        0.0,
        0.0,
        0.0,
        0.0
    ],
    "weight_range": 16,
    "bias_range": 16,
    "tc_min": 1,
    "tc_max": 1,
    "sensors": null,
    "motors": null,
    "inv_time_constants": [
        1.0,
        1.0,
        1.0,
        1.0,
        1.0,
        1.0
    ]
}