{
    "size": 5,
    "voltages": [
        0.0,
        0.0,
        0.0,
        0.0,
        0.0
    ],
    "time_constants": [
        1.0,
        1.0,
        1.0,
        1.0,
        1.0
    ],
    "biases": [
        -6.725079377632767,
        -0.28067214103215654,
        1.5792979544126233,
        -3.543602159821151,
        10.097382260438115
    ],
    "inner_weights": [
        [
            -7.102871013773322,
            -16.0,
            -14.542617031844486,
            14.911718941261544,
            -12.88801065849346
        ],
        [
            16.0,
            0.5590675838817825,
            2.581683736957288,
            11.439384133807131,
            -16.0
        ],
        [
            15.292072612855447,
            12.6927796505194,
            3.5161569888111535,
            13.748307948923694,
            -15.410041371905498
        ],
        [
            -16.0,
            -16.0,
            -16.0,
            -10.51160924073865,
            16.0
        ],
        [
            4.22111414876578,
            15.968950500052923,
            15.989561984761846,
            -16.0,
            5.370696247204938
        ]
    ],
    "outputs": [
        0.0,
        0.0,
        0.0,
        0.0,
        0.0
    ],
    "inputs": [
        0.0,
        0.0,
        0.0,
        0.0,
        0.0
    ],
    "weight_range": 16,
    "bias_range": 16,
    "tc_min": 1,
    "tc_max": 1,
    "sensors": null,
    "motors": null,
    "inv_time_constants": [
        1.0,
        1.0,
        1.0,
        1.0,
        1.0
    ]
}