{
    "size": 4,
    "voltages": [
        0.0,
        0.0,
        0.0,
        0.0
    ],
    "time_constants": [
        1.0,
        1.0,
        1.0,
        1.0
    ],
    "biases": [
        -12.744820398680696,
        2.673744263349797,
        -15.34005027474308,
        15.92876427115068
    ],
    "inner_weights": [
        [
            0.5455636951749205,
            -14.256485874844437,
            15.700764147458257,
            -15.405109377822649
        ],
        [
            16.0,
            6.354518125742654,
            15.910282444188416,
            -16.0
        ],
        [
            -6.667817985771809,
            -15.528062235621395,
            -11.232896212037712,
            -14.313057481220211
        ],
        [
            16.0,
            15.437769917184548,
            14.550436071938401,
            10.159626125591474
        ]
    ],
    "outputs": [
        0.0,
        0.0,
        0.0,
        0.0
    ],
    "inputs": [
        0.0,
        0.0,
        0.0,
        0.0
    ],
    "weight_range": 16,
    "bias_range": 16,
    "tc_min": 1,
    "tc_max": 1,
    "sensors": null,
    "motors": null,
    "inv_time_constants": [
        1.0,
        1.0,
        1.0,
        1.0
    ]
}