{
    "size": 5,
    "voltages": [
        0.0,
        0.0,
        0.0,
        0.0,
        0.0
    ],
    "time_constants": [
        1.0,
        1.0,
        1.0,
        1.0,
        1.0
    ],
    "biases": [
        2.536335471502853,
        -9.014062447611739,
        -0.7396772681921081,
        7.2464683956093605,
        6.973371598244777
    ],
    "inner_weights": [
        [
            3.776477601220405,
            16.0,
            -15.557404695729552,
            -16.0,
            16.0
        ],
        [
            -16.0,
            -2.0720183884292878,
            14.504356987387236,
            -9.09879309280277,
            -9.752480221592432
        ],
        [
            6.936523635790013,
            -14.682297224653798,
            3.6009431707699133,
            13.34874214567214,
            -15.296562462534492
        ],
        [
            12.5790602737793,
            9.56057566254458,
            -14.938823149306192,
            -11.925024415508652,
            -8.77879900683611
        ],
        [
            -15.63743140742944,
            13.407500872422075,
            15.223425325685401,
            -1.7566590849547596,
            -0.16200699853914025
        ]
    ],
    "outputs": [
        0.0,
        0.0,
        0.0,
        0.0,
        0.0
    ],
    "inputs": [
        0.0,
        0.0,
        0.0,
        0.0,
        0.0
    ],
    "weight_range": 16,
    "bias_range": 16,
    "tc_min": 1,
    "tc_max": 1,
    "sensors": null,
    "motors": null,
    "inv_time_constants": [
        1.0,
        1.0,
        1.0,
        1.0,
        1.0
    ]
}