{
    "size": 3,
    "voltages": [
        0.0,
        0.0,
        0.0
    ],
    "time_constants": [
        1.0,
        1.0,
        1.0
    ],
    "biases": [
        11.439964951279189,
        -15.480346310537902,
        -1.8276486859413947
    ],
    "inner_weights": [
        [
            6.436680522600307,
            14.786519999118408,
            16.0
        ],
        [
            -16.0,
            2.635682264256695,
            -15.944810806935108
        ],
        [
            -16.0,
            15.783769895151266,
            2.607552771521121
        ]
    ],
    "outputs": [
        0.0,
        0.0,
        0.0
    ],
    "inputs": [
        0.0,
        0.0,
        0.0
    ],
    "weight_range": 16,
    "bias_range": 16,
    "tc_min": 1,
    "tc_max": 1,
    "sensors": null,
    "motors": null,
    "inv_time_constants": [
        1.0,
        1.0,
        1.0
    ]
}