{
    "size": 2,
    "voltages": [
        9.739464576170112,
        -2.7554468327298323
    ],
    "time_constants": [
        1.0,
        1.0
    ],
    "biases": [
        -9.369124092415374,
        4.4724325433561365
    ],
    "inner_weights": [
        [
            3.4694145372427303,
            -16.0
        ],
        [
            16.0,
            5.727153313617013
        ]
    ],
    "outputs": [
        0.5915412487490527,
        0.8477401692840864
    ],
    "inputs": [
        0.0,
        0.0
    ],
    "weight_range": 16,
    "bias_range": 16,
    "tc_min": 1,
    "tc_max": 1,
    "sensors": null,
    "motors": null,
    "inv_time_constants": [
        1.0,
        1.0
    ]
}