{
    "size": 5,
    "voltages": [
        0.0,
        0.0,
        0.0,
        0.0,
        0.0
    ],
    "time_constants": [
        1.0,
        1.0,
        1.0,
        1.0,
        1.0
    ],
    "biases": [
        1.5631338941798814,
        1.6287466054939455,
        1.6307324100764957,
        -0.058514959179452375,
        -1.422344837176634
    ],
    "inner_weights": [
        [
            2.0773464628586025,
            -15.728903496784762,
            16.0,
            -15.401598378882008,
            14.528419366946418
        ],
        [
            16.0,
            0.004165646172801518,
            16.0,
            -14.581709580902082,
            -15.843873534604876
        ],
        [
            -10.413328910702964,
            -16.0,
            -3.9441196760001844,
            13.70456011511223,
            14.212617126395926
        ],
        [
            7.29676526578373,
            15.836083120581874,
            -14.03700703324768,
            -1.1292716393339004,
            -14.661224790133861
        ],
        [
            -16.0,
            11.164600083402206,
            -14.148633609243022,
            15.346566794992652,
            4.3339305310127
        ]
    ],
    "outputs": [
        0.0,
        0.0,
        0.0,
        0.0,
        0.0
    ],
    "inputs": [
        0.0,
        0.0,
        0.0,
        0.0,
        0.0
    ],
    "weight_range": 16,
    "bias_range": 16,
    "tc_min": 1,
    "tc_max": 1,
    "sensors": null,
    "motors": null,
    "inv_time_constants": [
        1.0,
        1.0,
        1.0,
        1.0,
        1.0
    ]
}