{
    "size": 4,
    "voltages": [
        0.0,
        0.0,
        0.0,
        0.0
    ],
    "time_constants": [
        1.0,
        1.0,
        1.0,
        1.0
    ],
    "biases": [
        -7.455008387601657,
        9.069231179270298,
        0.6323917073700176,
        -2.403518087552415
    ],
    "inner_weights": [
        [
            -4.1420981911672925,
            -15.826944441898407,
            -14.589206394712528,
            16.0
        ],
        [
            16.0,
            5.352316500403169,
            15.56665736018138,
            -15.923092215502217
        ],
        [
            15.573860821132943,
            -16.0,
            7.989583919328769,
            15.670467388049753
        ],
        [
            -15.072759333725934,
            3.6036783386831566,
            -16.0,
            -4.693552099844366
        ]
    ],
    "outputs": [
        0.0,
        0.0,
        0.0,
        0.0
    ],
    "inputs": [
        0.0,
        0.0,
        0.0,
        0.0
    ],
    "weight_range": 16,
    "bias_range": 16,
    "tc_min": 1,
    "tc_max": 1,
    "sensors": null,
    "motors": null,
    "inv_time_constants": [
        1.0,
        1.0,
        1.0,
        1.0
    ]
}