{
    "size": 2,
    "voltages": [
        -3.312570005129853,
        8.57319993092178
    ],
    "time_constants": [
        1.0,
        1.0
    ],
    "biases": [
        4.765487800261624,
        -9.47255651030403
    ],
    "inner_weights": [
        [
            5.237400528104508,
            16.0
        ],
        [
            -16.0,
            3.792500425985995
        ]
    ],
    "outputs": [
        0.8104470793650415,
        0.2891827384541156
    ],
    "inputs": [
        0.0,
        0.0
    ],
    "weight_range": 16,
    "bias_range": 16,
    "tc_min": 1,
    "tc_max": 1,
    "sensors": null,
    "motors": null,
    "inv_time_constants": [
        1.0,
        1.0
    ]
}