{
    "size": 5,
    "voltages": [
        0.0,
        0.0,
        0.0,
        0.0,
        0.0
    ],
    "time_constants": [
        1.0,
        1.0,
        1.0,
        1.0,
        1.0
    ],
    "biases": [
        8.419417400950982,
        7.078710498919207,
        7.772973172750539,
        10.150448492602736,
        -8.263015029333154
    ],
    "inner_weights": [
        [
            3.108481976822634,
            -9.149193431463392,
            11.377288275548821,
            -8.304960849382162,
            16.0
        ],
        [
            -14.752461966183917,
            2.772176004334935,
            16.0,
            -15.52041830026167,
            14.481347938463905
        ],
        [
            -5.465190449689938,
            -15.471772045484553,
            -3.1937403919890617,
            -13.18679451822476,
            16.0
        ],
        [
            -8.098123913051879,
            16.0,
            -13.078765714805007,
            -6.127328058229177,
            -15.258319081626123
        ],
        [
            -15.981317614049939,
            -14.81061225103044,
            -16.0,
            16.0,
            -1.9206910596154105
        ]
    ],
    "outputs": [
        0.0,
        0.0,
        0.0,
        0.0,
        0.0
    ],
    "inputs": [
        0.0,
        0.0,
        0.0,
        0.0,
        0.0
    ],
    "weight_range": 16,
    "bias_range": 16,
    "tc_min": 1,
    "tc_max": 1,
    "sensors": null,
    "motors": null,
    "inv_time_constants": [
        1.0,
        1.0,
        1.0,
        1.0,
        1.0
    ]
}