{
    "size": 4,
    "voltages": [
        0.0,
        0.0,
        0.0,
        0.0
    ],
    "time_constants": [
        1.0,
        1.0,
        1.0,
        1.0
    ],
    "biases": [
        6.212974247127838,
        -0.07322852652681444,
        6.27472013517621,
        -2.2227934329336225
    ],
    "inner_weights": [
        [
            0.1473048016663976,
            1.2216482890518157,
            16.0,
            -16.0
        ],
        [
            -16.0,
            -0.9850717316945029,
            -16.0,
            15.592207877264885
        ],
        [
            -16.0,
            16.0,
            0.522114917794938,
            9.176171538463274
        ],
        [
            16.0,
            -16.0,
            -16.0,
            0.2769339512375915
        ]
    ],
    "outputs": [
        0.0,
        0.0,
        0.0,
        0.0
    ],
    "inputs": [
        0.0,
        0.0,
        0.0,
        0.0
    ],
    "weight_range": 16,
    "bias_range": 16,
    "tc_min": 1,
    "tc_max": 1,
    "sensors": null,
    "motors": null,
    "inv_time_constants": [
        1.0,
        1.0,
        1.0,
        1.0
    ]
}