{
    "size": 5,
    "voltages": [
        0.0,
        0.0,
        0.0,
        0.0,
        0.0
    ],
    "time_constants": [
        1.0,
        1.0,
        1.0,
        1.0,
        1.0
    ],
    "biases": [
        -7.43827692851968,
        -3.2896334349581577,
        4.207627607720301,
        0.4286894157101455,
        -6.551870509976591
    ],
    "inner_weights": [
        [
            9.880282091329372,
            5.872208128354282,
            15.706040075211877,
            5.350520187911176,
            -12.367886178240767
        ],
        [
            11.748291704209112,
            -9.180037980723892,
            -16.0,
            8.17796927897107,
            15.940903541557805
        ],
        [
            -11.773749585031071,
            16.0,
            7.794286806818727,
            15.185620804183285,
            -16.0
        ],
        [
            -9.815185983280154,
            16.0,
            -15.764760567447444,
            -9.890043700699511,
            13.841534209338134
        ],
        [
            -9.596602108391346,
            -15.158795144265474,
            14.843109249842012,
            -16.0,
            -0.015385495886159894
        ]
    ],
    "outputs": [
        0.0,
        0.0,
        0.0,
        0.0,
        0.0
    ],
    "inputs": [
        0.0,
        0.0,
        0.0,
        0.0,
        0.0
    ],
    "weight_range": 16,
    "bias_range": 16,
    "tc_min": 1,
    "tc_max": 1,
    "sensors": null,
    "motors": null,
    "inv_time_constants": [
        1.0,
        1.0,
        1.0,
        1.0,
        1.0
    ]
}