{
    "size": 4,
    "voltages": [
        0.0,
        0.0,
        0.0,
        0.0
    ],
    "time_constants": [
        1.0,
        1.0,
        1.0,
        1.0
    ],
    "biases": [
        -4.036050387880347,
        -3.0457639036011384,
        3.2915575160742194,
        3.7205238767763102
    ],
    "inner_weights": [
        [
            2.2657734686818336,
            15.075216520527121,
            -14.674587293453754,
            -15.533622141947847
        ],
        [
            -15.625519338199284,
            -0.05047623735633322,
            15.948065855411185,
            -11.541219220008868
        ],
        [
            9.120954294259953,
            -15.787837126787542,
            5.052284315031843,
            16.0
        ],
        [
            14.88688074009099,
            9.562915372246351,
            -16.0,
            2.1111960110795702
        ]
    ],
    "outputs": [
        0.0,
        0.0,
        0.0,
        0.0
    ],
    "inputs": [
        0.0,
        0.0,
        0.0,
        0.0
    ],
    "weight_range": 16,
    "bias_range": 16,
    "tc_min": 1,
    "tc_max": 1,
    "sensors": null,
    "motors": null,
    "inv_time_constants": [
        1.0,
        1.0,
        1.0,
        1.0
    ]
}