{
    "size": 5,
    "voltages": [
        0.0,
        0.0,
        0.0,
        0.0,
        0.0
    ],
    "time_constants": [
        1.0,
        1.0,
        1.0,
        1.0,
        1.0
    ],
    "biases": [
        -6.742016699323025,
        0.22975281206329723,
        5.695316121273783,
        4.2198341771889325,
        1.8135388678247448
    ],
    "inner_weights": [
        [
            -0.021711226596616257,
            15.501376851099513,
            -12.55441560694064,
            -15.922859074530379,
            15.407632415265423
        ],
        [
            -16.0,
            -0.5599391864274287,
            15.80990605024813,
            0.9328422716525908,
            -15.859657913546286
        ],
        [
            14.49644101968524,
            -14.755447539172323,
            1.4470144332328458,
            15.68005560079182,
            -9.326089303094651
        ],
        [
            15.805381906083072,
            -9.448737771214132,
            -15.304057801167358,
            1.4110043302538893,
            15.208695518686527
        ],
        [
            -6.6349550546108675,
            15.137067207202051,
            -0.5204235207558789,
            -16.0,
            -7.791907021688165
        ]
    ],
    "outputs": [
        0.0,
        0.0,
        0.0,
        0.0,
        0.0
    ],
    "inputs": [
        0.0,
        0.0,
        0.0,
        0.0,
        0.0
    ],
    "weight_range": 16,
    "bias_range": 16,
    "tc_min": 1,
    "tc_max": 1,
    "sensors": null,
    "motors": null,
    "inv_time_constants": [
        1.0,
        1.0,
        1.0,
        1.0,
        1.0
    ]
}