{
    "size": 5,
    "voltages": [
        0.0,
        0.0,
        0.0,
        0.0,
        0.0
    ],
    "time_constants": [
        1.0,
        1.0,
        1.0,
        1.0,
        1.0
    ],
    "biases": [
        -10.090893464662877,
        11.955513423019033,
        -0.006616430536188295,
        0.21462537532628856,
        3.355684796834818
    ],
    "inner_weights": [
        [
            -6.583402769605844,
            -16.0,
            -14.235505647736927,
            -14.822582203303377,
            14.745966676703233
        ],
        [
            15.119518365158907,
            6.3074065725540684,
            16.0,
            16.0,
            -16.0
        ],
        [
            15.654840980498365,
            -15.545850909573144,
            -0.3843656001933422,
            -14.39152127520984,
            6.4561601229688925
        ],
        [
            10.002808933063141,
            -13.621578255920008,
            13.392680783686979,
            -0.7690169592959446,
            -15.764234065141682
        ],
        [
            -13.198136880759415,
            14.763703073066827,
            -15.5120951579995,
            14.189103277436903,
            4.198252721961264
        ]
    ],
    "outputs": [
        0.0,
        0.0,
        0.0,
        0.0,
        0.0
    ],
    "inputs": [
        0.0,
        0.0,
        0.0,
        0.0,
        0.0
    ],
    "weight_range": 16,
    "bias_range": 16,
    "tc_min": 1,
    "tc_max": 1,
    "sensors": null,
    "motors": null,
    "inv_time_constants": [
        1.0,
        1.0,
        1.0,
        1.0,
        1.0
    ]
}