{
    "size": 3,
    "voltages": [
        0.0,
        0.0,
        0.0
    ],
    "time_constants": [
        1.0,
        1.0,
        1.0
    ],
    "biases": [
        -3.2464155823601395,
        -0.4672688748787531,
        1.730222617987815
    ],
    "inner_weights": [
        [
            5.4742312837387725,
            15.916960058670119,
            -16.0
        ],
        [
            -16.0,
            3.7871121674046204,
            10.234281645942815
        ],
        [
            16.0,
            -16.0,
            1.3447918193362483
        ]
    ],
    "outputs": [
        0.0,
        0.0,
        0.0
    ],
    "inputs": [
        0.0,
        0.0,
        0.0
    ],
    "weight_range": 16,
    "bias_range": 16,
    "tc_min": 1,
    "tc_max": 1,
    "sensors": null,
    "motors": null,
    "inv_time_constants": [
        1.0,
        1.0,
        1.0
    ]
}