{
    "size": 5,
    "voltages": [
        0.0,
        0.0,
        0.0,
        0.0,
        0.0
    ],
    "time_constants": [
        1.0,
        1.0,
        1.0,
        1.0,
        1.0
    ],
    "biases": [
        5.431188855097847,
        -13.359998409691027,
        12.707154559409098,
        -6.463887977959594,
        -7.606245676915794
    ],
    "inner_weights": [
        [
            -12.318253875527073,
            3.490129256943405,
            -11.731489146048375,
            -8.30113216110884,
            -5.531550214043527
        ],
        [
            11.492399710355127,
            5.314886819136824,
            1.3171907930689208,
            -15.071557618420467,
            7.479945480969054
        ],
        [
            -3.3615994102078126,
            9.665507796117328,
            -7.858523972483862,
            -14.179682027163143,
            11.732756508774408
        ],
        [
            -8.927072131700118,
            -3.0403376624876906,
            -5.8849129274173215,
            -13.546793600113688,
            10.983190215350547
        ],
        [
            11.166052727835567,
            15.086882925932414,
            -3.6679387393555807,
            14.543620003477287,
            -1.7357324531289962
        ]
    ],
    "outputs": [
        0.0,
        0.0,
        0.0,
        0.0,
        0.0
    ],
    "weight_range": 16,
    "bias_range": 16,
    "tc_min": 1,
    "tc_max": 1,
    "inv_time_constants": [
        1.0,
        1.0,
        1.0,
        1.0,
        1.0
    ]
}