{
    "size": 5,
    "voltages": [
        0.0,
        0.0,
        0.0,
        0.0,
        0.0
    ],
    "time_constants": [
        1.0,
        1.0,
        1.0,
        1.0,
        1.0
    ],
    "biases": [
        1.8734887200990151,
        8.93156128481263,
        -3.1181720463433606,
        13.055837373148076,
        4.79902755157136
    ],
    "inner_weights": [
        [
            -13.020534826500544,
            15.0929894396732,
            -0.5164806251633252,
            -8.239273552061949,
            0.9959625538321006
        ],
        [
            -6.862584465126439,
            11.604172065652467,
            -14.684795089252042,
            -12.532872513576947,
            8.549121453718303
        ],
        [
            -14.354281315715703,
            8.822929236605884,
            -15.707553836258807,
            3.7859876306186884,
            10.198698647630657
        ],
        [
            12.754743135408543,
            15.539570616165488,
            -0.10416248202373168,
            -4.725794375347405,
            11.746719823105405
        ],
        [
            -3.299784136839289,
            4.597031013654362,
            -15.345493978701075,
            9.858705375660755,
            -2.252374335386925
        ]
    ],
    "outputs": [
        0.0,
        0.0,
        0.0,
        0.0,
        0.0
    ],
    "weight_range": 16,
    "bias_range": 16,
    "tc_min": 1,
    "tc_max": 1,
    "inv_time_constants": [
        1.0,
        1.0,
        1.0,
        1.0,
        1.0
    ]
}