{
    "size": 5,
    "voltages": [
        0.0,
        0.0,
        0.0,
        0.0,
        0.0
    ],
    "time_constants": [
        1.0,
        1.0,
        1.0,
        1.0,
        1.0
    ],
    "biases": [
        14.427479285802676,
        15.19262872274248,
        -1.6468909429633065,
        9.576733720428471,
        7.307316385638934
    ],
    "inner_weights": [
        [
            -3.6872601754642,
            11.51065109089981,
            14.214388345837442,
            6.490396595543341,
            4.276291109485019
        ],
        [
            3.390761023699138,
            -9.595941028483058,
            -3.603587594665562,
            -7.712538759954189,
            -13.612566994567427
        ],
        [
            -7.009376810310695,
            -1.9701071633264071,
            -0.5360306051371779,
            11.791663561196632,
            0.9481402881371075
        ],
        [
            1.992420615512188,
            -0.9262289921538951,
            6.042944223898299,
            0.15451537204413412,
            10.341624152502803
        ],
        [
            14.731748927570752,
            11.460615638884043,
            -6.106354417658739,
            1.59107399932957,
            4.949708212328396
        ]
    ],
    "outputs": [
        0.0,
        0.0,
        0.0,
        0.0,
        0.0
    ],
    "weight_range": 16,
    "bias_range": 16,
    "tc_min": 1,
    "tc_max": 1,
    "inv_time_constants": [
        1.0,
        1.0,
        1.0,
        1.0,
        1.0
    ]
}