{
    "size": 5,
    "voltages": [
        0.0,
        0.0,
        0.0,
        0.0,
        0.0
    ],
    "time_constants": [
        1.0,
        1.0,
        1.0,
        1.0,
        1.0
    ],
    "biases": [
        1.3099793376809004,
        -12.005626419820487,
        14.64471345502939,
        -3.0957984404825645,
        -9.057562869646077
    ],
    "inner_weights": [
        [
            12.571524845952052,
            -5.376646230362329,
            10.279331937850618,
            -14.665707976792003,
            -12.554986242049026
        ],
        [
            3.0416660545996876,
            0.9541555901702914,
            -2.598162286187062,
            -5.266948823253465,
            3.920621830274886
        ],
        [
            -1.9794743645160295,
            7.548227403158087,
            0.5771651839766001,
            2.523475207237027,
            4.651363068659002
        ],
        [
            15.687176683949325,
            10.235462301498924,
            -2.777570085882214,
            12.040564966612077,
            10.360301842256682
        ],
        [
            -14.256815749684652,
            6.996391570054218,
            9.669457997583212,
            7.565012601966046,
            6.692216024997354
        ]
    ],
    "outputs": [
        0.0,
        0.0,
        0.0,
        0.0,
        0.0
    ],
    "weight_range": 16,
    "bias_range": 16,
    "tc_min": 1,
    "tc_max": 1,
    "inv_time_constants": [
        1.0,
        1.0,
        1.0,
        1.0,
        1.0
    ]
}