{
    "size": 5,
    "voltages": [
        0.0,
        0.0,
        0.0,
        0.0,
        0.0
    ],
    "time_constants": [
        1.0,
        1.0,
        1.0,
        1.0,
        1.0
    ],
    "biases": [
        -9.940503897553459,
        -1.0237518390321547,
        4.8559529088677635,
        -15.738871319471247,
        -13.824799695495763
    ],
    "inner_weights": [
        [
            -9.567884924224835,
            -5.471345072250177,
            -6.512009961565692,
            -13.013322608615429,
            -5.3414780000741295
        ],
        [
            7.20712769958255,
            4.875607805445977,
            0.15520304437984578,
            14.314581939351292,
            4.0768505083547915
        ],
        [
            15.753162907745235,
            -13.564120182966136,
            -5.036527132791807,
            -6.178063550586696,
            6.726548304995422
        ],
        [
            13.354161388078548,
            -13.410985584582694,
            -13.98933657256108,
            2.6293856156226667,
            5.414343127970209
        ],
        [
            -15.701075756662132,
            -2.4983491570736867,
            -3.347474181746634,
            -13.657470044260702,
            8.649544672118111
        ]
    ],
    "outputs": [
        0.0,
        0.0,
        0.0,
        0.0,
        0.0
    ],
    "weight_range": 16,
    "bias_range": 16,
    "tc_min": 1,
    "tc_max": 1,
    "inv_time_constants": [
        1.0,
        1.0,
        1.0,
        1.0,
        1.0
    ]
}