{
    "size": 5,
    "voltages": [
        0.0,
        0.0,
        0.0,
        0.0,
        0.0
    ],
    "time_constants": [
        1.0,
        1.0,
        1.0,
        1.0,
        1.0
    ],
    "biases": [
        -13.116807945605725,
        15.540305652886769,
        8.741466815506271,
        1.5611356510081897,
        -10.935572990131451
    ],
    "inner_weights": [
        [
            -7.700112961649811,
            -14.612446362819192,
            2.624970948051338,
            -12.399610630044116,
            3.5448570399088126
        ],
        [
            -6.515585334536734,
            9.83207018915806,
            -12.965192482680969,
            6.403211961458219,
            13.852672738152162
        ],
        [
            10.950684771155942,
            9.598687501074597,
            15.130345410145836,
            1.1547655495784142,
            0.2314497618356519
        ],
        [
            14.55458743319996,
            8.822296830828705,
            2.8977877270422248,
            -10.595902634159923,
            -10.131505883857631
        ],
        [
            -14.98389755000106,
            -8.652052779457428,
            0.9571640478564412,
            6.141298015706305,
            -6.721050752870273
        ]
    ],
    "outputs": [
        0.0,
        0.0,
        0.0,
        0.0,
        0.0
    ],
    "weight_range": 16,
    "bias_range": 16,
    "tc_min": 1,
    "tc_max": 1,
    "inv_time_constants": [
        1.0,
        1.0,
        1.0,
        1.0,
        1.0
    ]
}