{
    "size": 5,
    "voltages": [
        0.0,
        0.0,
        0.0,
        0.0,
        0.0
    ],
    "time_constants": [
        1.0,
        1.0,
        1.0,
        1.0,
        1.0
    ],
    "biases": [
        14.165712638756652,
        7.428727168720808,
        15.219751170141976,
        2.5226288974881506,
        0.4761884426580565
    ],
    "inner_weights": [
        [
            0.701302928008154,
            6.3810037444692504,
            -7.364192925665591,
            5.583419990047755,
            13.058306666026077
        ],
        [
            5.924806533101034,
            -9.227092992221522,
            -5.847485627962225,
            -7.446419041185447,
            -12.14379780180781
        ],
        [
            15.899420681650547,
            -13.425929940102591,
            -6.892808009921158,
            1.128006374063471,
            11.065667448230354
        ],
        [
            -9.596027645613763,
            9.985393636169032,
            -4.0660226885490225,
            9.908519712178709,
            -15.61615159115506
        ],
        [
            5.378221202461347,
            -6.703225722864975,
            -5.672966228918195,
            -2.633282722319951,
            -0.43532810309941183
        ]
    ],
    "outputs": [
        0.0,
        0.0,
        0.0,
        0.0,
        0.0
    ],
    "weight_range": 16,
    "bias_range": 16,
    "tc_min": 1,
    "tc_max": 1,
    "inv_time_constants": [
        1.0,
        1.0,
        1.0,
        1.0,
        1.0
    ]
}