{
    "size": 5,
    "voltages": [
        0.0,
        0.0,
        0.0,
        0.0,
        0.0
    ],
    "time_constants": [
        1.0,
        1.0,
        1.0,
        1.0,
        1.0
    ],
    "biases": [
        -10.726644018455104,
        7.282014822524445,
        -12.064005740142534,
        -4.243610537623898,
        -15.543567719754332
    ],
    "inner_weights": [
        [
            -4.316621343273795,
            -1.5614106914131867,
            -0.12606883943073655,
            -13.580093868955618,
            2.2963706344870687
        ],
        [
            -6.731711815233325,
            -6.118257318770407,
            -4.003962671832941,
            10.10741358179246,
            15.002710198634016
        ],
        [
            9.244199013263042,
            -3.8181815310984213,
            -10.793081077189896,
            1.516405655369514,
            8.958101725630023
        ],
        [
            -6.398601384525687,
            4.890761219203519,
            -6.512031042987719,
            -14.95586353897805,
            14.360167799882031
        ],
        [
            -11.112253538068327,
            -7.075622572546539,
            2.3842511816405825,
            1.7243478272709787,
            -13.457287505296616
        ]
    ],
    "outputs": [
        0.0,
        0.0,
        0.0,
        0.0,
        0.0
    ],
    "weight_range": 16,
    "bias_range": 16,
    "tc_min": 1,
    "tc_max": 1,
    "inv_time_constants": [
        1.0,
        1.0,
        1.0,
        1.0,
        1.0
    ]
}