{
    "size": 5,
    "voltages": [
        0.0,
        0.0,
        0.0,
        0.0,
        0.0
    ],
    "time_constants": [
        1.0,
        1.0,
        1.0,
        1.0,
        1.0
    ],
    "biases": [
        5.5247380862791395,
        11.786474539987974,
        10.102251022568176,
        13.12551679416266,
        -1.3795833103949278
    ],
    "inner_weights": [
        [
            -6.053446407796631,
            10.2075910630032,
            -5.287916013711197,
            -9.801167402446634,
            -12.469973598316788
        ],
        [
            14.793922798279066,
            11.681512055620331,
            11.277183165095135,
            -13.455646972734105,
            8.343644417983786
        ],
        [
            11.526184804629846,
            -10.708760725739204,
            5.001787485848766,
            -4.177417026321212,
            10.158039010553011
        ],
        [
            13.400018614162445,
            -10.776953283606268,
            10.627952110077764,
            -1.8291901251332732,
            15.605053162114924
        ],
        [
            7.655166365240127,
            2.0025288391689493,
            8.953680089511355,
            -0.18475322668395577,
            12.871934586960727
        ]
    ],
    "outputs": [
        0.0,
        0.0,
        0.0,
        0.0,
        0.0
    ],
    "weight_range": 16,
    "bias_range": 16,
    "tc_min": 1,
    "tc_max": 1,
    "inv_time_constants": [
        1.0,
        1.0,
        1.0,
        1.0,
        1.0
    ]
}