{
    "size": 5,
    "voltages": [
        0.0,
        0.0,
        0.0,
        0.0,
        0.0
    ],
    "time_constants": [
        1.0,
        1.0,
        1.0,
        1.0,
        1.0
    ],
    "biases": [
        2.1241260789571754,
        4.15898471126658,
        -9.197995419471997,
        7.621642815465336,
        -4.901328252733194
    ],
    "inner_weights": [
        [
            -7.774642332635523,
            5.881202658274319,
            5.236536242211699,
            8.868173902924795,
            10.475732106734664
        ],
        [
            -4.5861074004849485,
            -3.624445864063439,
            7.789093161593243,
            -6.958703516935078,
            -6.589549059793157
        ],
        [
            2.3677092726589493,
            -14.492017555136794,
            -3.6133074158342353,
            10.706467951105246,
            0.6741462050828773
        ],
        [
            -11.919217257022307,
            -2.7224365090653073,
            10.26635414183685,
            -4.97121490886266,
            13.307698177041768
        ],
        [
            -10.001690561454353,
            -15.125219308696561,
            -8.410131544317125,
            7.032211022035593,
            -7.3849572910800205
        ]
    ],
    "outputs": [
        0.0,
        0.0,
        0.0,
        0.0,
        0.0
    ],
    "weight_range": 16,
    "bias_range": 16,
    "tc_min": 1,
    "tc_max": 1,
    "inv_time_constants": [
        1.0,
        1.0,
        1.0,
        1.0,
        1.0
    ]
}