{
    "size": 5,
    "voltages": [
        0.0,
        0.0,
        0.0,
        0.0,
        0.0
    ],
    "time_constants": [
        1.0,
        1.0,
        1.0,
        1.0,
        1.0
    ],
    "biases": [
        -5.294675617762891,
        12.760094619205066,
        -15.650531785900387,
        -9.38728436256427,
        9.738169088807854
    ],
    "inner_weights": [
        [
            -14.458200719992394,
            5.790816443766971,
            9.558274172921656,
            9.60347493305224,
            14.889512005000334
        ],
        [
            -1.7913656249827419,
            10.599516049947141,
            -8.109835683929191,
            -14.391107900482432,
            -0.40218295202921794
        ],
        [
            4.807608116109858,
            13.471321296127428,
            7.639488858348923,
            -8.082493668487693,
            0.577061372747913
        ],
        [
            5.250683523938186,
            -6.630453956059448,
            11.952088328645644,
            12.258193649333577,
            1.912896205221859
        ],
        [
            -8.8258641425065,
            13.868828646295228,
            -3.5250678289533113,
            -11.178267942031361,
            -5.701539308782124
        ]
    ],
    "outputs": [
        0.0,
        0.0,
        0.0,
        0.0,
        0.0
    ],
    "weight_range": 16,
    "bias_range": 16,
    "tc_min": 1,
    "tc_max": 1,
    "inv_time_constants": [
        1.0,
        1.0,
        1.0,
        1.0,
        1.0
    ]
}