{
    "size": 5,
    "voltages": [
        0.0,
        0.0,
        0.0,
        0.0,
        0.0
    ],
    "time_constants": [
        1.0,
        1.0,
        1.0,
        1.0,
        1.0
    ],
    "biases": [
        -14.617096648427964,
        8.078237342719138,
        1.3846094038821768,
        8.55009362287042,
        9.29436051890518
    ],
    "inner_weights": [
        [
            -8.854685467086757,
            0.7412269248216354,
            1.6224466105977946,
            -14.540737595750198,
            -4.456677268871275
        ],
        [
            -8.861409865878759,
            6.039237178283408,
            -10.760594399971225,
            -13.74960426222399,
            14.112347527866753
        ],
        [
            2.037804167514409,
            -13.504245139520414,
            7.124496355994875,
            -10.929530447258674,
            -7.990998184191252
        ],
        [
            -6.60840780472968,
            6.291542854675036,
            -1.1435491827151445,
            -9.118011401141136,
            -1.7015596134509572
        ],
        [
            -12.13187995075338,
            13.3659842478312,
            2.126282519014257,
            -0.8953818962583284,
            -5.933874411289231
        ]
    ],
    "outputs": [
        0.0,
        0.0,
        0.0,
        0.0,
        0.0
    ],
    "weight_range": 16,
    "bias_range": 16,
    "tc_min": 1,
    "tc_max": 1,
    "inv_time_constants": [
        1.0,
        1.0,
        1.0,
        1.0,
        1.0
    ]
}