{
    "size": 5,
    "voltages": [
        0.0,
        0.0,
        0.0,
        0.0,
        0.0
    ],
    "time_constants": [
        1.0,
        1.0,
        1.0,
        1.0,
        1.0
    ],
    "biases": [
        0.2659188786432196,
        4.160753528755059,
        10.72110995230943,
        -1.685387350218157,
        8.3932951768635
    ],
    "inner_weights": [
        [
            -2.9540151014308442,
            -14.228286716420477,
            9.233116079576085,
            -6.8062340867409326,
            -1.5887812170473232
        ],
        [
            -6.274806229095503,
            0.8447847775086537,
            3.961990812309974,
            8.856814647198636,
            5.959732651726636
        ],
        [
            15.390043622009763,
            3.2261149509092206,
            10.046992638175858,
            6.676644869222358,
            -15.118890229678957
        ],
        [
            12.936550951415292,
            -1.6030447598838578,
            -12.194411071919848,
            10.72960563030868,
            -9.528056758886908
        ],
        [
            -10.425514542146605,
            -1.6272934499573992,
            5.433432979635551,
            14.636771490751709,
            10.66666402317227
        ]
    ],
    "outputs": [
        0.0,
        0.0,
        0.0,
        0.0,
        0.0
    ],
    "weight_range": 16,
    "bias_range": 16,
    "tc_min": 1,
    "tc_max": 1,
    "inv_time_constants": [
        1.0,
        1.0,
        1.0,
        1.0,
        1.0
    ]
}