{
    "size": 5,
    "voltages": [
        0.0,
        0.0,
        0.0,
        0.0,
        0.0
    ],
    "time_constants": [
        1.0,
        1.0,
        1.0,
        1.0,
        1.0
    ],
    "biases": [
        15.696838605205954,
        -3.355348860702069,
        -6.158743596829879,
        -8.924763636873458,
        -0.19119920043560512
    ],
    "inner_weights": [
        [
            9.08263522578402,
            4.314678593687365,
            -8.030621071496036,
            8.258427668794166,
            -5.981538059786246
        ],
        [
            13.991595439628721,
            -14.628305652727555,
            -1.8922494902462574,
            13.207113277926325,
            -1.4398745943430775
        ],
        [
            0.25389890252133185,
            -13.282945446569595,
            -2.356806685902793,
            7.862942710203907,
            11.746604659545287
        ],
        [
            -5.642693539178541,
            -12.669619285974775,
            9.667457499310306,
            -3.3653776262362314,
            4.088578823494071
        ],
        [
            -14.848366604809577,
            -6.402948799310867,
            -14.475096972670936,
            -4.089245510203995,
            -7.602713714297693
        ]
    ],
    "outputs": [
        0.0,
        0.0,
        0.0,
        0.0,
        0.0
    ],
    "weight_range": 16,
    "bias_range": 16,
    "tc_min": 1,
    "tc_max": 1,
    "inv_time_constants": [
        1.0,
        1.0,
        1.0,
        1.0,
        1.0
    ]
}