{
    "size": 5,
    "voltages": [
        0.0,
        0.0,
        0.0,
        0.0,
        0.0
    ],
    "time_constants": [
        1.0,
        1.0,
        1.0,
        1.0,
        1.0
    ],
    "biases": [
        8.037007551715984,
        -13.959311229419,
        -2.178933778823314,
        -4.346482769823467,
        -11.136911177838051
    ],
    "inner_weights": [
        [
            13.411489017573818,
            4.550259197563374,
            8.118791351333655,
            -11.54193382071248,
            -13.205774464332798
        ],
        [
            9.216065857167738,
            -5.563170014896357,
            1.314170287230965,
            -8.312474372223807,
            1.4535336184289562
        ],
        [
            -3.1822558822435454,
            6.886140392952221,
            10.773758114598234,
            2.831396561493854,
            -6.523053950932493
        ],
        [
            -7.0074338990731455,
            6.5791118290377355,
            -2.476914233927932,
            -14.165888472089403,
            7.904873814627891
        ],
        [
            -1.5259835821025014,
            -10.37520838299762,
            -14.419936021936415,
            -6.640789161761447,
            -13.862427805073239
        ]
    ],
    "outputs": [
        0.0,
        0.0,
        0.0,
        0.0,
        0.0
    ],
    "weight_range": 16,
    "bias_range": 16,
    "tc_min": 1,
    "tc_max": 1,
    "inv_time_constants": [
        1.0,
        1.0,
        1.0,
        1.0,
        1.0
    ]
}