{
    "size": 5,
    "voltages": [
        0.0,
        0.0,
        0.0,
        0.0,
        0.0
    ],
    "time_constants": [
        1.0,
        1.0,
        1.0,
        1.0,
        1.0
    ],
    "biases": [
        5.275235128401011,
        11.605578753182698,
        -11.236861982584994,
        2.0143986610871423,
        -10.907031557979273
    ],
    "inner_weights": [
        [
            10.714948757300782,
            -12.646524660164168,
            7.8284954137445695,
            -4.463973239798857,
            -4.502053190141698
        ],
        [
            3.495628179780855,
            -3.3990543651759566,
            -2.909676484451243,
            0.31687710686740544,
            6.724735786466351
        ],
        [
            14.736839206581354,
            -1.3881245139540077,
            -2.315151326028513,
            -12.369161564160947,
            -9.027236180911228
        ],
        [
            14.639106210173356,
            14.187223052940642,
            12.218376997007926,
            4.6851379969085905,
            -9.157606011820526
        ],
        [
            4.378624441818854,
            -11.547319936483088,
            -1.321469750228399,
            11.963621925002183,
            -7.729590212253644
        ]
    ],
    "outputs": [
        0.0,
        0.0,
        0.0,
        0.0,
        0.0
    ],
    "weight_range": 16,
    "bias_range": 16,
    "tc_min": 1,
    "tc_max": 1,
    "inv_time_constants": [
        1.0,
        1.0,
        1.0,
        1.0,
        1.0
    ]
}