{
    "size": 5,
    "voltages": [
        0.0,
        0.0,
        0.0,
        0.0,
        0.0
    ],
    "time_constants": [
        1.0,
        1.0,
        1.0,
        1.0,
        1.0
    ],
    "biases": [
        -13.701230257887904,
        -15.385822792909522,
        7.0820527001016735,
        -14.673092314217012,
        -15.403182839048998
    ],
    "inner_weights": [
        [
            -13.204811427130398,
            -8.624732814344704,
            -2.8460457395547927,
            -6.054953646077216,
            2.1105885043681774
        ],
        [
            1.4420385210832158,
            9.827182170572055,
            13.38096343307512,
            0.7069040909976678,
            -2.4100076355748783
        ],
        [
            -13.70227345441159,
            12.75292320573497,
            -2.543557566238519,
            2.6294332140286585,
            -9.147086851985499
        ],
        [
            -1.6804582469416651,
            -1.028358259669389,
            -12.779610978016642,
            13.67321263367069,
            -10.84842098103897
        ],
        [
            11.987013782782999,
            -14.330878180535734,
            15.752946240354031,
            -12.635285892995839,
            -3.136324709218833
        ]
    ],
    "outputs": [
        0.0,
        0.0,
        0.0,
        0.0,
        0.0
    ],
    "weight_range": 16,
    "bias_range": 16,
    "tc_min": 1,
    "tc_max": 1,
    "inv_time_constants": [
        1.0,
        1.0,
        1.0,
        1.0,
        1.0
    ]
}