{
    "size": 5,
    "voltages": [
        0.0,
        0.0,
        0.0,
        0.0,
        0.0
    ],
    "time_constants": [
        1.0,
        1.0,
        1.0,
        1.0,
        1.0
    ],
    "biases": [
        4.575603240618349,
        -7.4085277718292915,
        8.00499675530325,
        -6.821424338555094,
        6.700033850439489
    ],
    "inner_weights": [
        [
            -12.87892474401755,
            8.359990933595402,
            -8.097984858677535,
            -11.579786000757775,
            -5.393709975330193
        ],
        [
            -13.344013919779428,
            5.503266600974932,
            9.811001541173042,
            15.447741265414848,
            4.341143513499283
        ],
        [
            -9.09045580649023,
            1.5688778266969479,
            1.4579186562952344,
            -8.509565659295948,
            -12.360773023773458
        ],
        [
            -0.010903454433449866,
            -11.132530482502784,
            1.045954577832628,
            -3.6157834097104313,
            6.02647626950926
        ],
        [
            -4.066330994931427,
            14.277121438828562,
            8.875453379414623,
            3.4570976981585417,
            3.6874251707542065
        ]
    ],
    "outputs": [
        0.0,
        0.0,
        0.0,
        0.0,
        0.0
    ],
    "weight_range": 16,
    "bias_range": 16,
    "tc_min": 1,
    "tc_max": 1,
    "inv_time_constants": [
        1.0,
        1.0,
        1.0,
        1.0,
        1.0
    ]
}