{
    "size": 5,
    "voltages": [
        0.0,
        0.0,
        0.0,
        0.0,
        0.0
    ],
    "time_constants": [
        1.0,
        1.0,
        1.0,
        1.0,
        1.0
    ],
    "biases": [
        5.053083762772022,
        -9.557861397030504,
        9.871613223787072,
        9.164878029112568,
        -3.361931587068387
    ],
    "inner_weights": [
        [
            10.339530902713342,
            -15.164224589764245,
            -9.255339522198593,
            3.7894966191875277,
            -12.854897109219227
        ],
        [
            3.8442019160594825,
            -14.2755129728498,
            14.740929849735632,
            15.373739974882351,
            0.676084808679164
        ],
        [
            4.36970703473753,
            8.472222344615997,
            8.478569427738215,
            -2.6340614540888723,
            8.601769802359765
        ],
        [
            -2.4575439868149864,
            13.63531428885861,
            5.821647515916748,
            -4.209421077609971,
            11.485115371290242
        ],
        [
            -3.824138240531525,
            -12.961463555724553,
            -5.6034971636216575,
            -2.7164100434402805,
            7.752766363212167
        ]
    ],
    "outputs": [
        0.0,
        0.0,
        0.0,
        0.0,
        0.0
    ],
    "weight_range": 16,
    "bias_range": 16,
    "tc_min": 1,
    "tc_max": 1,
    "inv_time_constants": [
        1.0,
        1.0,
        1.0,
        1.0,
        1.0
    ]
}