{
    "size": 5,
    "voltages": [
        0.0,
        0.0,
        0.0,
        0.0,
        0.0
    ],
    "time_constants": [
        1.0,
        1.0,
        1.0,
        1.0,
        1.0
    ],
    "biases": [
        -12.572283857825322,
        1.0423225115756978,
        -1.7256060428317106,
        -10.248953047695057,
        15.521296869413945
    ],
    "inner_weights": [
        [
            -9.003358395289407,
            -14.995112975917422,
            -6.811991125129492,
            -10.475371022233393,
            -6.291955811890869
        ],
        [
            -10.785592879773173,
            6.37804010328853,
            8.688346613382183,
            0.465678324104541,
            -8.45417958023798
        ],
        [
            -8.638731948839226,
            0.18288532358587162,
            -11.706081184404827,
            1.9667924155188317,
            -0.5759935006387238
        ],
        [
            5.749400180660597,
            7.638633341770404,
            -10.715499018519871,
            -12.777801367518705,
            13.682802355565734
        ],
        [
            -8.951311008852915,
            -12.793341711998917,
            9.377801349855691,
            -12.562354346124696,
            -1.4162910194491936
        ]
    ],
    "outputs": [
        0.0,
        0.0,
        0.0,
        0.0,
        0.0
    ],
    "weight_range": 16,
    "bias_range": 16,
    "tc_min": 1,
    "tc_max": 1,
    "inv_time_constants": [
        1.0,
        1.0,
        1.0,
        1.0,
        1.0
    ]
}