{
    "size": 5,
    "voltages": [
        0.0,
        0.0,
        0.0,
        0.0,
        0.0
    ],
    "time_constants": [
        1.0,
        1.0,
        1.0,
        1.0,
        1.0
    ],
    "biases": [
        -3.5845594365706575,
        10.203949682092048,
        -13.614694874830509,
        13.540785248885413,
        -8.803325375697348
    ],
    "inner_weights": [
        [
            15.648368431219204,
            1.585431259031214,
            -6.993686337437989,
            -13.526733885466474,
            -1.7769761289023016
        ],
        [
            -0.8701449678244693,
            -14.447295970993732,
            -10.773617657335464,
            -12.289577232065778,
            4.076533846541633
        ],
        [
            11.397825555059981,
            4.803277474801682,
            15.703093912249603,
            -0.9487760510788661,
            3.7854234741554613
        ],
        [
            -6.9546493910026435,
            15.232106106161332,
            5.538175972213608,
            -1.9030115592145762,
            -6.7300051119329645
        ],
        [
            0.31038988950852087,
            -12.401251334528173,
            -8.737446741046853,
            -0.6863262508257719,
            -8.231738983036383
        ]
    ],
    "outputs": [
        0.0,
        0.0,
        0.0,
        0.0,
        0.0
    ],
    "weight_range": 16,
    "bias_range": 16,
    "tc_min": 1,
    "tc_max": 1,
    "inv_time_constants": [
        1.0,
        1.0,
        1.0,
        1.0,
        1.0
    ]
}