{
    "size": 5,
    "voltages": [
        0.0,
        0.0,
        0.0,
        0.0,
        0.0
    ],
    "time_constants": [
        1.0,
        1.0,
        1.0,
        1.0,
        1.0
    ],
    "biases": [
        5.6721718314156,
        -2.165360077861557,
        -3.594678871494917,
        -5.26572138756821,
        0.4231079779949276
    ],
    "inner_weights": [
        [
            -6.520026826482127,
            9.890166901546454,
            -4.791919192850834,
            9.261096205788562,
            1.9631672246583207
        ],
        [
            -7.885153464955739,
            -12.64073332207651,
            -14.129256665699849,
            5.545356184635015,
            6.330549024054722
        ],
        [
            7.449062590452925,
            9.211969871926733,
            -13.555957747405031,
            -5.834220908161143,
            7.712744869876058
        ],
        [
            -5.488184666398464,
            -0.9553444825585835,
            -10.205257032490103,
            -5.6478591421087785,
            -1.4430030090563761
        ],
        [
            0.9481764954160852,
            -6.623022443120487,
            -7.136795267834213,
            5.7008983031983895,
            -8.529321580619136
        ]
    ],
    "outputs": [
        0.0,
        0.0,
        0.0,
        0.0,
        0.0
    ],
    "weight_range": 16,
    "bias_range": 16,
    "tc_min": 1,
    "tc_max": 1,
    "inv_time_constants": [
        1.0,
        1.0,
        1.0,
        1.0,
        1.0
    ]
}