{
    "size": 5,
    "voltages": [
        0.0,
        0.0,
        0.0,
        0.0,
        0.0
    ],
    "time_constants": [
        1.0,
        1.0,
        1.0,
        1.0,
        1.0
    ],
    "biases": [
        11.01681593624917,
        3.2797166084747325,
        -10.97133377104393,
        0.8352719133400797,
        -9.996888323789754
    ],
    "inner_weights": [
        [
            1.500452996651351,
            9.532768681043368,
            10.252860156748202,
            -12.094404261433564,
            3.264064217326016
        ],
        [
            0.8164666676666776,
            -1.1549310140778104,
            -0.913736178415494,
            4.246810972074606,
            13.621244175125234
        ],
        [
            10.09609330401414,
            14.222136076266803,
            13.426724545905273,
            -2.7254145167673265,
            10.425982793700811
        ],
        [
            14.280323802861343,
            4.097473703532355,
            -7.927366644386982,
            2.9552288904013473,
            11.532921954332952
        ],
        [
            -14.449522187775347,
            11.35355351397822,
            7.04684856100765,
            -6.528850020574982,
            -0.46699289025698576
        ]
    ],
    "outputs": [
        0.0,
        0.0,
        0.0,
        0.0,
        0.0
    ],
    "weight_range": 16,
    "bias_range": 16,
    "tc_min": 1,
    "tc_max": 1,
    "inv_time_constants": [
        1.0,
        1.0,
        1.0,
        1.0,
        1.0
    ]
}