{
    "size": 5,
    "voltages": [
        0.0,
        0.0,
        0.0,
        0.0,
        0.0
    ],
    "time_constants": [
        1.0,
        1.0,
        1.0,
        1.0,
        1.0
    ],
    "biases": [
        -15.620215850070725,
        -1.8613580700687287,
        -14.28663358405138,
        5.522826816964287,
        -14.9673934536848
    ],
    "inner_weights": [
        [
            -7.192778566357195,
            4.455384349608629,
            3.964774794732154,
            8.897353834093309,
            -0.7003670559839996
        ],
        [
            14.692284335641826,
            15.917894614703503,
            10.640424846839512,
            -9.476958336486582,
            -11.710399952721136
        ],
        [
            3.6804677397690178,
            2.9755858433197133,
            4.632975793705615,
            15.63905701831614,
            -5.274796402601172
        ],
        [
            9.87260239064183,
            5.469277466398285,
            1.220481894858807,
            -13.775718641979793,
            -13.135960565640676
        ],
        [
            11.89735337914263,
            2.8170899381843384,
            -13.549903562848144,
            -4.988546541572191,
            -4.277022607427259
        ]
    ],
    "outputs": [
        0.0,
        0.0,
        0.0,
        0.0,
        0.0
    ],
    "weight_range": 16,
    "bias_range": 16,
    "tc_min": 1,
    "tc_max": 1,
    "inv_time_constants": [
        1.0,
        1.0,
        1.0,
        1.0,
        1.0
    ]
}