{
    "size": 5,
    "voltages": [
        0.0,
        0.0,
        0.0,
        0.0,
        0.0
    ],
    "time_constants": [
        1.0,
        1.0,
        1.0,
        1.0,
        1.0
    ],
    "biases": [
        -13.917294814639536,
        4.154527971450335,
        11.962030184945238,
        -15.721096566278884,
        7.890471583806001
    ],
    "inner_weights": [
        [
            8.886477138362245,
            -8.398680958882807,
            10.376913045163793,
            14.903974337375992,
            15.123235644956587
        ],
        [
            -1.48962408264601,
            3.489358808360894,
            8.816848467355094,
            4.5316270322902135,
            7.104583344542309
        ],
        [
            -14.878831228754006,
            -6.4496169315462595,
            -14.127600259773608,
            11.425950162790365,
            -4.068671108006161
        ],
        [
            5.755134450499103,
            -7.799041621547836,
            -4.877401115120257,
            -15.698791357408979,
            -4.533318953440968
        ],
        [
            14.371013813702731,
            -9.027231707785955,
            -5.779476275828333,
            13.368716352018797,
            -14.979082673923369
        ]
    ],
    "outputs": [
        0.0,
        0.0,
        0.0,
        0.0,
        0.0
    ],
    "weight_range": 16,
    "bias_range": 16,
    "tc_min": 1,
    "tc_max": 1,
    "inv_time_constants": [
        1.0,
        1.0,
        1.0,
        1.0,
        1.0
    ]
}