{
    "size": 5,
    "voltages": [
        0.0,
        0.0,
        0.0,
        0.0,
        0.0
    ],
    "time_constants": [
        1.0,
        1.0,
        1.0,
        1.0,
        1.0
    ],
    "biases": [
        3.8258391680845065,
        7.055558646559181,
        -6.557965715981702,
        3.2042228982426515,
        8.020335105851704
    ],
    "inner_weights": [
        [
            -6.146081516000933,
            0.620527337769623,
            8.585525169215149,
            9.255063557467512,
            11.85798599922635
        ],
        [
            -9.986515468093796,
            -7.375832140258616,
            -0.12185148838844029,
            7.6518959076387425,
            -9.761536267467502
        ],
        [
            -10.248152104770817,
            1.2424402744049061,
            -6.951500652448718,
            8.350075822787158,
            -7.369825867329684
        ],
        [
            -6.607375701951835,
            14.796976371608782,
            13.222858437475523,
            2.1815950529848287,
            -0.46424467188706586
        ],
        [
            4.9185398607547235,
            1.1721407529399883,
            15.863644716813425,
            -11.456561155794027,
            15.210932370359245
        ]
    ],
    "outputs": [
        0.0,
        0.0,
        0.0,
        0.0,
        0.0
    ],
    "weight_range": 16,
    "bias_range": 16,
    "tc_min": 1,
    "tc_max": 1,
    "inv_time_constants": [
        1.0,
        1.0,
        1.0,
        1.0,
        1.0
    ]
}