{
    "size": 5,
    "voltages": [
        0.0,
        0.0,
        0.0,
        0.0,
        0.0
    ],
    "time_constants": [
        1.0,
        1.0,
        1.0,
        1.0,
        1.0
    ],
    "biases": [
        -8.909524104653514,
        4.6347104513059705,
        -12.954188098127027,
        -2.8267763570259703,
        -12.900311639594651
    ],
    "inner_weights": [
        [
            5.512913876185337,
            -0.3814912243013211,
            10.415845569148683,
            -14.99371559595846,
            9.857598827675126
        ],
        [
            2.0997574275369786,
            -6.476080041473793,
            -14.505736943777496,
            15.700076783065477,
            -15.781576542603034
        ],
        [
            8.633376902078073,
            7.896547231817589,
            -3.9219540372811146,
            -0.18728152828877143,
            13.726348547058535
        ],
        [
            -3.3454705809337497,
            15.16660149852672,
            0.781270892007683,
            -13.004381014471917,
            10.025869209028127
        ],
        [
            -9.226022861140368,
            1.7390651069019327,
            -6.647388289306829,
            10.116555519590023,
            10.497362118617964
        ]
    ],
    "outputs": [
        0.0,
        0.0,
        0.0,
        0.0,
        0.0
    ],
    "weight_range": 16,
    "bias_range": 16,
    "tc_min": 1,
    "tc_max": 1,
    "inv_time_constants": [
        1.0,
        1.0,
        1.0,
        1.0,
        1.0
    ]
}