{
    "size": 5,
    "voltages": [
        0.0,
        0.0,
        0.0,
        0.0,
        0.0
    ],
    "time_constants": [
        1.0,
        1.0,
        1.0,
        1.0,
        1.0
    ],
    "biases": [
        -14.327721884591703,
        -5.534166269983533,
        -14.19514754651221,
        -10.245513789958803,
        13.629861520033362
    ],
    "inner_weights": [
        [
            -0.17274734278331394,
            -8.701340657621241,
            -7.824834439769237,
            -3.3174428888711383,
            -3.925916873884031
        ],
        [
            15.890375364948778,
            -2.937689589337694,
            8.700607834870834,
            8.337174016284298,
            -6.079700842069375
        ],
        [
            -4.910681453993686,
            -4.743525840110003,
            -11.34506059212304,
            15.125269910958409,
            13.093710015759683
        ],
        [
            1.9186273191080012,
            -5.965096112105453,
            12.422401200764423,
            5.586338106312446,
            -3.485201675566028
        ],
        [
            0.22989196521524846,
            0.7713120852516475,
            13.696029690129677,
            2.283938209245651,
            5.3868022008537615
        ]
    ],
    "outputs": [
        0.0,
        0.0,
        0.0,
        0.0,
        0.0
    ],
    "weight_range": 16,
    "bias_range": 16,
    "tc_min": 1,
    "tc_max": 1,
    "inv_time_constants": [
        1.0,
        1.0,
        1.0,
        1.0,
        1.0
    ]
}