{
    "size": 5,
    "voltages": [
        0.0,
        0.0,
        0.0,
        0.0,
        0.0
    ],
    "time_constants": [
        1.0,
        1.0,
        1.0,
        1.0,
        1.0
    ],
    "biases": [
        14.241229350094166,
        -12.497707253061442,
        -1.117018855525263,
        -11.470231683174354,
        1.2271603890216198
    ],
    "inner_weights": [
        [
            11.162166312594518,
            -10.275330402528049,
            -14.260377142194194,
            -4.430769725176866,
            -7.187170284594817
        ],
        [
            0.9600071966536099,
            -6.210594696450688,
            -6.25682050706742,
            -12.42427916238097,
            -8.003231555836336
        ],
        [
            13.364156730769999,
            -7.547300695892044,
            6.9687579991537945,
            11.70288109408493,
            9.826543431852024
        ],
        [
            -9.262381354917505,
            -10.648222993393745,
            -14.505395466173706,
            -14.73848602376006,
            -9.592614087184867
        ],
        [
            15.953388887269504,
            -4.070816693507577,
            8.336328765726389,
            -0.8488178341388419,
            0.31088978616494956
        ]
    ],
    "outputs": [
        0.0,
        0.0,
        0.0,
        0.0,
        0.0
    ],
    "weight_range": 16,
    "bias_range": 16,
    "tc_min": 1,
    "tc_max": 1,
    "inv_time_constants": [
        1.0,
        1.0,
        1.0,
        1.0,
        1.0
    ]
}