{
    "size": 5,
    "voltages": [
        0.0,
        0.0,
        0.0,
        0.0,
        0.0
    ],
    "time_constants": [
        1.0,
        1.0,
        1.0,
        1.0,
        1.0
    ],
    "biases": [
        -9.941579883369112,
        -1.881996174231734,
        11.585091251379989,
        12.703515018373224,
        -8.674256846148591
    ],
    "inner_weights": [
        [
            11.093197030724284,
            1.9572972884810937,
            -1.4439871230159085,
            -4.730402761857224,
            2.747244292314793
        ],
        [
            1.1439918167384242,
            10.478600856939075,
            -7.534649640894898,
            -0.6918700371610953,
            -4.8708792689369
        ],
        [
            -11.696693686112841,
            -7.680724789022108,
            -14.475690362582856,
            -3.382614248669512,
            -4.108281853177232
        ],
        [
            1.8154535451373697,
            12.719825739765056,
            -10.644931615795713,
            -2.969394565445551,
            4.875306840920032
        ],
        [
            2.167970565060198,
            2.128603392481253,
            0.779363187348725,
            3.4425607769965723,
            -11.896708031257148
        ]
    ],
    "outputs": [
        0.0,
        0.0,
        0.0,
        0.0,
        0.0
    ],
    "weight_range": 16,
    "bias_range": 16,
    "tc_min": 1,
    "tc_max": 1,
    "inv_time_constants": [
        1.0,
        1.0,
        1.0,
        1.0,
        1.0
    ]
}