{
    "size": 5,
    "voltages": [
        0.0,
        0.0,
        0.0,
        0.0,
        0.0
    ],
    "time_constants": [
        1.0,
        1.0,
        1.0,
        1.0,
        1.0
    ],
    "biases": [
        -7.757042146540233,
        6.436842231183601,
        5.024001899976398,
        -10.175751753219384,
        -5.693984229468775
    ],
    "inner_weights": [
        [
            0.44618700072608775,
            8.741281666537496,
            11.853685943194005,
            -15.742497647045827,
            -6.088450383833468
        ],
        [
            14.64331965970851,
            0.4197347925723882,
            -5.814898404092844,
            1.254397997620739,
            -8.919841842311683
        ],
        [
            9.80740345357664,
            -5.047851980330101,
            1.244443170148628,
            -15.812038862366133,
            5.540879301776812
        ],
        [
            -9.27922361028038,
            13.84184297211878,
            -4.024168016592252,
            8.077405506750285,
            8.420448059056703
        ],
        [
            11.855982568696003,
            -12.476442295788747,
            -6.397056627398918,
            -0.8030154895850075,
            5.533975013330746
        ]
    ],
    "outputs": [
        0.0,
        0.0,
        0.0,
        0.0,
        0.0
    ],
    "weight_range": 16,
    "bias_range": 16,
    "tc_min": 1,
    "tc_max": 1,
    "inv_time_constants": [
        1.0,
        1.0,
        1.0,
        1.0,
        1.0
    ]
}