{
    "size": 5,
    "voltages": [
        0.0,
        0.0,
        0.0,
        0.0,
        0.0
    ],
    "time_constants": [
        1.0,
        1.0,
        1.0,
        1.0,
        1.0
    ],
    "biases": [
        10.863183637738143,
        4.418285304204392,
        -9.292036162133218,
        15.309662101498581,
        -11.570836364218913
    ],
    "inner_weights": [
        [
            -14.526688203792464,
            -4.152245884300825,
            -8.245815440275049,
            4.11136016142672,
            15.683521920861335
        ],
        [
            -11.82118242373419,
            -10.445146772907226,
            -7.733950154890248,
            -2.6112330661562204,
            -11.807395415267422
        ],
        [
            -6.705595986521253,
            -0.15020496782267756,
            14.944138065244754,
            -6.483524379500054,
            4.857661966487754
        ],
        [
            1.1396127236791607,
            12.384844187283754,
            11.667143923320701,
            14.097050340366913,
            -12.613339567947701
        ],
        [
            3.623114227338462,
            -10.285094046923774,
            -13.626334101094105,
            15.86984766962788,
            -4.5992327225272405
        ]
    ],
    "outputs": [
        0.0,
        0.0,
        0.0,
        0.0,
        0.0
    ],
    "weight_range": 16,
    "bias_range": 16,
    "tc_min": 1,
    "tc_max": 1,
    "inv_time_constants": [
        1.0,
        1.0,
        1.0,
        1.0,
        1.0
    ]
}