{
    "size": 5,
    "voltages": [
        0.0,
        0.0,
        0.0,
        0.0,
        0.0
    ],
    "time_constants": [
        1.0,
        1.0,
        1.0,
        1.0,
        1.0
    ],
    "biases": [
        -3.210453037024667,
        11.594614483108987,
        -15.93165981857656,
        -10.59319458338873,
        -3.7238820397489683
    ],
    "inner_weights": [
        [
            -9.529526610232278,
            9.105523331537949,
            11.537191655584998,
            -5.53327356539409,
            -8.03646476528533
        ],
        [
            9.931638919887277,
            6.829913256232409,
            5.1625092281031755,
            6.735720224946132,
            -12.387171994556244
        ],
        [
            11.83910411059432,
            -0.7543098442895797,
            -13.431331810002586,
            -11.239345218471986,
            -5.631223881200356
        ],
        [
            -15.78376368571461,
            6.940162327698911,
            -13.917544912018176,
            -2.43693638386765,
            9.75614689879319
        ],
        [
            -15.056124064709646,
            0.8245858741263525,
            9.194752514287412,
            9.98002754300267,
            -5.073362421636297
        ]
    ],
    "outputs": [
        0.0,
        0.0,
        0.0,
        0.0,
        0.0
    ],
    "weight_range": 16,
    "bias_range": 16,
    "tc_min": 1,
    "tc_max": 1,
    "inv_time_constants": [
        1.0,
        1.0,
        1.0,
        1.0,
        1.0
    ]
}