{
    "size": 5,
    "voltages": [
        0.0,
        0.0,
        0.0,
        0.0,
        0.0
    ],
    "time_constants": [
        1.0,
        1.0,
        1.0,
        1.0,
        1.0
    ],
    "biases": [
        9.597691924986243,
        -7.552602270961355,
        -9.162546086138576,
        -1.9316435610207172,
        15.642903649099527
    ],
    "inner_weights": [
        [
            -8.678288398179163,
            -9.897983404026146,
            12.363509471436757,
            7.005628658861006,
            1.0554682698925504
        ],
        [
            11.82278720013166,
            7.175605644779125,
            -0.5732162835467349,
            8.194470297239356,
            15.191679825498941
        ],
        [
            0.2677472229440525,
            14.671723284658473,
            -0.1835724472975393,
            0.5493546775063756,
            -4.990006060796873
        ],
        [
            15.032007426591203,
            -7.805168933365749,
            -3.0951929519074035,
            10.543699956187297,
            -3.664411306851825
        ],
        [
            -8.585315032865303,
            1.023091381938439,
            -5.9594801329182765,
            -14.392662544836632,
            -6.3023186464875
        ]
    ],
    "outputs": [
        0.0,
        0.0,
        0.0,
        0.0,
        0.0
    ],
    "weight_range": 16,
    "bias_range": 16,
    "tc_min": 1,
    "tc_max": 1,
    "inv_time_constants": [
        1.0,
        1.0,
        1.0,
        1.0,
        1.0
    ]
}