{
    "size": 5,
    "voltages": [
        0.0,
        0.0,
        0.0,
        0.0,
        0.0
    ],
    "time_constants": [
        1.0,
        1.0,
        1.0,
        1.0,
        1.0
    ],
    "biases": [
        -11.395074535189508,
        -11.170985778538334,
        -14.23227679309364,
        6.977190198516663,
        -6.645844655867567
    ],
    "inner_weights": [
        [
            -6.570719914012489,
            0.9787761793694116,
            -9.871334817680165,
            -13.827188537878676,
            9.183534719997226
        ],
        [
            5.002672696827375,
            4.400668673396346,
            2.419292600097087,
            -14.749986681956273,
            -4.549964656526434
        ],
        [
            14.261861978189042,
            -14.078570229907669,
            11.649347313478753,
            12.073296836736969,
            -14.361802700145482
        ],
        [
            4.8773956949009545,
            1.656043796316009,
            3.1204241036496327,
            -0.5270840220799329,
            -6.944378852576282
        ],
        [
            -6.472777014343308,
            1.9682849704435554,
            -3.3264820464951512,
            9.238422709724787,
            -2.6084996689319375
        ]
    ],
    "outputs": [
        0.0,
        0.0,
        0.0,
        0.0,
        0.0
    ],
    "weight_range": 16,
    "bias_range": 16,
    "tc_min": 1,
    "tc_max": 1,
    "inv_time_constants": [
        1.0,
        1.0,
        1.0,
        1.0,
        1.0
    ]
}