{
    "size": 6,
    "voltages": [
        0.0,
        0.0,
        0.0,
        0.0,
        0.0,
        0.0
    ],
    "time_constants": [
        1.0,
        1.0,
        1.0,
        1.0,
        1.0,
        1.0
    ],
    "biases": [
        -8.333448273382462,
        -6.167767613500722,
        -7.734634738636352,
        -12.999509697813593,
        0.7727831403592802,
        11.736062755568096
    ],
    "inner_weights": [
        [
            3.8519620657041926,
            0.28649819665302445,
            -6.456165063720682,
            4.921558796563065,
            -7.24779090072747,
            0.740034507201095
        ],
        [
            -4.056008252823144,
            -4.18308500565643,
            7.5101952451041285,
            4.756444020649578,
            13.625495493722283,
            -8.731259407843165
        ],
        [
            -3.0223118813740015,
            12.27778369282451,
            -9.315164302233878,
            -9.158807594961242,
            -6.929908755914063,
            -1.4998771515245153
        ],
        [
            -5.1977156207738595,
            -15.624407526310634,
            -3.2977000685773277,
            6.052553924891441,
            10.72650578830714,
            -5.894768460824228
        ],
        [
            7.014051540671634,
            0.15967540321501517,
            -4.240249612568601,
            -10.145252784626248,
            1.173093145993974,
            -14.988480567732548
        ],
        [
            3.1549485490105944,
            8.835038051905151,
            -8.840815055798636,
            4.040732509073422,
            -2.8057566055587984,
            3.8743223271738856
        ]
    ],
    "outputs": [
        0.0,
        0.0,
        0.0,
        0.0,
        0.0,
        0.0
    ],
    "weight_range": 16,
    "bias_range": 16,
    "tc_min": 1,
    "tc_max": 1,
    "inv_time_constants": [
        1.0,
        1.0,
        1.0,
        1.0,
        1.0,
        1.0
    ]
}