{
    "size": 6,
    "voltages": [
        0.0,
        0.0,
        0.0,
        0.0,
        0.0,
        0.0
    ],
    "time_constants": [
        1.0,
        1.0,
        1.0,
        1.0,
        1.0,
        1.0
    ],
    "biases": [
        -12.352500420366407,
        10.517802441845653,
        -14.499317779544008,
        4.041188745964561,
        1.522756989415793,
        10.217183861442198
    ],
    "inner_weights": [
        [
            8.682260584535872,
            -15.335937620499152,
            4.2767435176408135,
            7.961724241235579,
            -0.04777560631710642,
            -8.806507343012875
        ],
        [
            -9.661988327692033,
            8.33698279036668,
            -10.588453229998866,
            -13.173125946431671,
            5.931514187769512,
            14.50858707823797
        ],
        [
            -15.873655477506738,
            0.39015242834485164,
            10.003870772867632,
            3.600834138540421,
            7.0961701578175855,
            -6.659965818539739
        ],
        [
            13.36877192041419,
            6.866425068726098,
            1.3614197763603606,
            -11.450558476751137,
            -4.053095678352985,
            5.572275682123049
        ],
        [
            -1.8613384184641255,
            -2.111552213334601,
            3.768543311018149,
            0.42042376174050844,
            4.812709821806951,
            3.2332465089454203
        ],
        [
            9.767142298647887,
            0.6927088765962921,
            13.076764185877384,
            -5.784445152366551,
            -13.105300823330964,
            -6.3775981876414924
        ]
    ],
    "outputs": [
        0.0,
        0.0,
        0.0,
        0.0,
        0.0,
        0.0
    ],
    "weight_range": 16,
    "bias_range": 16,
    "tc_min": 1,
    "tc_max": 1,
    "inv_time_constants": [
        1.0,
        1.0,
        1.0,
        1.0,
        1.0,
        1.0
    ]
}