{
    "size": 6,
    "voltages": [
        0.0,
        0.0,
        0.0,
        0.0,
        0.0,
        0.0
    ],
    "time_constants": [
        1.0,
        1.0,
        1.0,
        1.0,
        1.0,
        1.0
    ],
    "biases": [
        9.776346169912998,
        -14.717802331111756,
        -4.446335358552641,
        5.637595377102965,
        10.47242369713241,
        -2.0322081843345075
    ],
    "inner_weights": [
        [
            -12.584377527830057,
            5.898964264917996,
            1.1188037565147901,
            -4.186013544001117,
            -2.796331400754081,
            2.8111192328057797
        ],
        [
            6.914361225343875,
            -10.453310759219203,
            -13.864246608951337,
            0.021723925661888188,
            -2.171289754132779,
            14.293629500317085
        ],
        [
            -2.679684093554652,
            -8.080970043640868,
            -3.067461140026303,
            4.29629068748525,
            2.680424879169273,
            9.027339622635896
        ],
        [
            3.73984624427246,
            4.08853296511807,
            -4.164188174577053,
            -10.611945455849696,
            7.8502737280123895,
            -3.3466850869159117
        ],
        [
            5.137084081228338,
            -5.803383973291329,
            -13.776924691337285,
            -14.435123041052844,
            -1.8673168629775851,
            6.4462694083779155
        ],
        [
            9.22792834852973,
            -8.40527957077482,
            4.834978402716011,
            11.855762766839852,
            -9.26437908294102,
            -11.84348143074224
        ]
    ],
    "outputs": [
        0.0,
        0.0,
        0.0,
        0.0,
        0.0,
        0.0
    ],
    "weight_range": 16,
    "bias_range": 16,
    "tc_min": 1,
    "tc_max": 1,
    "inv_time_constants": [
        1.0,
        1.0,
        1.0,
        1.0,
        1.0,
        1.0
    ]
}