{
    "size": 6,
    "voltages": [
        0.0,
        0.0,
        0.0,
        0.0,
        0.0,
        0.0
    ],
    "time_constants": [
        1.0,
        1.0,
        1.0,
        1.0,
        1.0,
        1.0
    ],
    "biases": [
        -6.621036699516335,
        -8.452409554644717,
        6.38705613611312,
        -4.899883270954724,
        -1.316352645071433,
        3.277084803037269
    ],
    "inner_weights": [
        [
            1.7261127200187651,
            -3.3200674014282647,
            -14.459943277437546,
            0.8215219549712884,
            -11.10276538201951,
            0.00032515181292680495
        ],
        [
            -7.805223049083278,
            1.37898105182434,
            1.5445158245910946,
            -8.774761156587225,
            -13.144118049513757,
            -1.5401719924105315
        ],
        [
            8.748304342315134,
            5.827668793772435,
            11.588522418459927,
            -1.4769601166687174,
            2.222078768874141,
            -15.831291431956426
        ],
        [
            11.984774995359182,
            2.4921390665938183,
            14.247330618590105,
            12.53718007108597,
            5.820147511665905,
            12.491229300764982
        ],
        [
            -9.809230201260416,
            9.681903351129641,
            -15.250865381181633,
            13.4540820664682,
            5.411339784755771,
            7.748761700486661
        ],
        [
            14.90839957387566,
            -3.205536117917447,
            -5.931397670395171,
            -0.2848988069273126,
            -6.539682700469992,
            1.3259809437533008
        ]
    ],
    "outputs": [
        0.0,
        0.0,
        0.0,
        0.0,
        0.0,
        0.0
    ],
    "weight_range": 16,
    "bias_range": 16,
    "tc_min": 1,
    "tc_max": 1,
    "inv_time_constants": [
        1.0,
        1.0,
        1.0,
        1.0,
        1.0,
        1.0
    ]
}