{
    "size": 6,
    "voltages": [
        0.0,
        0.0,
        0.0,
        0.0,
        0.0,
        0.0
    ],
    "time_constants": [
        1.0,
        1.0,
        1.0,
        1.0,
        1.0,
        1.0
    ],
    "biases": [
        -12.415676360672872,
        13.722739025115466,
        3.816821663893279,
        -7.330663101457798,
        7.515933445375172,
        -9.952571844846982
    ],
    "inner_weights": [
        [
            -14.919849266457334,
            -0.34855974510129073,
            11.074723112988252,
            -2.835136006087218,
            4.205291959384471,
            -6.689816407483711
        ],
        [
            1.3696092457667,
            -8.698195843094279,
            -8.31115745854714,
            14.510640866057468,
            4.665933829282714,
            -15.428571088274722
        ],
        [
            15.876026193491729,
            7.526225105241071,
            7.1021587477064045,
            -2.8641117349539797,
            -9.47903382913631,
            14.787280929232715
        ],
        [
            -8.816927102760278,
            -14.470951509792311,
            12.283109361890318,
            12.452226037904179,
            14.809020781730375,
            3.557588405706408
        ],
        [
            15.546044071378784,
            -3.101123297385289,
            -10.978690797409062,
            2.7983721606340737,
            -3.69526002842985,
            -6.595064606356139
        ],
        [
            -15.437545358010457,
            -1.060476614586367,
            13.122125715572274,
            -12.719362755806113,
            -2.2843655821670836,
            -11.8122743962975
        ]
    ],
    "outputs": [
        0.0,
        0.0,
        0.0,
        0.0,
        0.0,
        0.0
    ],
    "weight_range": 16,
    "bias_range": 16,
    "tc_min": 1,
    "tc_max": 1,
    "inv_time_constants": [
        1.0,
        1.0,
        1.0,
        1.0,
        1.0,
        1.0
    ]
}