{
    "size": 6,
    "voltages": [
        0.0,
        0.0,
        0.0,
        0.0,
        0.0,
        0.0
    ],
    "time_constants": [
        1.0,
        1.0,
        1.0,
        1.0,
        1.0,
        1.0
    ],
    "biases": [
        1.527570197057738,
        14.607912062424234,
        -6.912659493228251,
        -0.5004698557301062,
        10.020342466644053,
        3.4181776180914483
    ],
    "inner_weights": [
        [
            -11.1022656394833,
            -10.954058847698967,
            15.535715653860883,
            12.943927385769399,
            -10.045495594654689,
            -7.433295538778825
        ],
        [
            -5.310362960371869,
            4.626939869840786,
            -7.954968295746998,
            4.326604396414375,
            2.5535289229225384,
            3.8019591309745273
        ],
        [
            -4.231291968741505,
            -7.73864664488174,
            -9.780793918993709,
            1.6806526896017004,
            10.420185653376823,
            0.11040649197947161
        ],
        [
            6.001916058867007,
            8.305565113904805,
            4.553727657788613,
            -3.679862060817115,
            -13.43667530054552,
            9.839674934149365
        ],
        [
            9.967168465246324,
            -14.373470777315745,
            3.0160568794855855,
            14.984396259968925,
            15.558952007121473,
            10.233533082929672
        ],
        [
            6.076203379033107,
            3.9436290789896944,
            3.1753804633200176,
            5.810965859923034,
            10.839186417331128,
            -1.2796575173890687
        ]
    ],
    "outputs": [
        0.0,
        0.0,
        0.0,
        0.0,
        0.0,
        0.0
    ],
    "weight_range": 16,
    "bias_range": 16,
    "tc_min": 1,
    "tc_max": 1,
    "inv_time_constants": [
        1.0,
        1.0,
        1.0,
        1.0,
        1.0,
        1.0
    ]
}