{
    "size": 6,
    "voltages": [
        0.0,
        0.0,
        0.0,
        0.0,
        0.0,
        0.0
    ],
    "time_constants": [
        1.0,
        1.0,
        1.0,
        1.0,
        1.0,
        1.0
    ],
    "biases": [
        -4.43780912308824,
        -14.997803769862319,
        -6.27057489240368,
        -9.97543442662128,
        -11.962891760231138,
        -2.745061312846456
    ],
    "inner_weights": [
        [
            -11.062797499799174,
            -11.72161405759789,
            -4.394065082339598,
            5.731484014260207,
            -9.777598165316235,
            -7.961267728416207
        ],
        [
            8.26932452913941,
            1.8437948659952887,
            0.47369337261875444,
            -1.0304044057247985,
            -13.210367884513339,
            10.531054152887851
        ],
        [
            -6.44350211161488,
            -14.99693153819257,
            5.696184212256384,
            12.911649054982561,
            0.462437919489858,
            1.2513751782101536
        ],
        [
            5.258480522909014,
            4.289816168559081,
            -4.690577019445257,
            -15.147439589065012,
            -10.710725134484488,
            12.13820772432145
        ],
        [
            -13.829745412667023,
            -4.189254339056159,
            -12.303981235647065,
            -12.918587434119178,
            -13.319369673045951,
            -13.218335130860694
        ],
        [
            -15.287812941605658,
            8.673367097030386,
            -14.425196056151329,
            -1.112856310475994,
            14.119458026527969,
            -9.071606299183511
        ]
    ],
    "outputs": [
        0.0,
        0.0,
        0.0,
        0.0,
        0.0,
        0.0
    ],
    "weight_range": 16,
    "bias_range": 16,
    "tc_min": 1,
    "tc_max": 1,
    "inv_time_constants": [
        1.0,
        1.0,
        1.0,
        1.0,
        1.0,
        1.0
    ]
}