{
    "size": 6,
    "voltages": [
        0.0,
        0.0,
        0.0,
        0.0,
        0.0,
        0.0
    ],
    "time_constants": [
        1.0,
        1.0,
        1.0,
        1.0,
        1.0,
        1.0
    ],
    "biases": [
        -5.4653949525233045,
        0.34051379760485645,
        -7.563877482878183,
        -6.063630398518484,
        4.0593100069232015,
        1.8383939383130397
    ],
    "inner_weights": [
        [
            2.820185634472775,
            12.726839293101374,
            12.528983343190657,
            10.106799273845887,
            -14.851533260260695,
            6.136242616284285
        ],
        [
            -3.8822098558269396,
            0.5923502543385801,
            5.054446897882016,
            -9.796793027745654,
            -7.285875133869315,
            6.995389875237304
        ],
        [
            9.056115502688336,
            11.210484472799852,
            8.807836607819606,
            -14.826742194525256,
            -12.265800475747355,
            8.04098238360643
        ],
        [
            -8.345017081612497,
            -7.846207553851304,
            11.4440169974324,
            14.392928835657688,
            1.9739794563570534,
            -10.27902336480075
        ],
        [
            8.648061860428808,
            -0.2438067323344164,
            4.20009809803345,
            10.86393353323859,
            -1.2467393186422164,
            -0.06591765416623474
        ],
        [
            5.741155761704025,
            4.825149251946563,
            -7.39855236018067,
            -13.845610657951433,
            8.686244427474008,
            -0.6085077664113321
        ]
    ],
    "outputs": [
        0.0,
        0.0,
        0.0,
        0.0,
        0.0,
        0.0
    ],
    "weight_range": 16,
    "bias_range": 16,
    "tc_min": 1,
    "tc_max": 1,
    "inv_time_constants": [
        1.0,
        1.0,
        1.0,
        1.0,
        1.0,
        1.0
    ]
}