{
    "size": 6,
    "voltages": [
        0.0,
        0.0,
        0.0,
        0.0,
        0.0,
        0.0
    ],
    "time_constants": [
        1.0,
        1.0,
        1.0,
        1.0,
        1.0,
        1.0
    ],
    "biases": [
        -5.27225345068144,
        3.054025222432916,
        -5.883731778935875,
        -4.91998643429935,
        -8.165382129373342,
        6.334405279424033
    ],
    "inner_weights": [
        [
            4.612593154186719,
            -3.8160483316762708,
            5.217532970741395,
            -10.763176764711893,
            14.803450037578198,
            -4.906821107847499
        ],
        [
            15.736031753395444,
            -8.47814734061934,
            2.7422165926930475,
            -2.9859167479935778,
            -11.640501695390498,
            1.412361204421753
        ],
        [
            0.5816430984270546,
            8.539363401552173,
            13.883204586194552,
            -13.12949175085032,
            -9.735319783359198,
            15.81419789751557
        ],
        [
            -8.474224076256355,
            -8.352436097835167,
            4.131194586470464,
            7.518482452580464,
            6.027020258150522,
            -15.00381605063593
        ],
        [
            12.88044298395312,
            -6.8340695068046635,
            1.7796020417955063,
            -3.9545521750546193,
            -15.14802032726034,
            -0.18722811048944976
        ],
        [
            10.71088299178927,
            -4.256405439671916,
            0.49222759170906016,
            -0.8838679863910457,
            -3.643133169380885,
            7.81238414208946
        ]
    ],
    "outputs": [
        0.0,
        0.0,
        0.0,
        0.0,
        0.0,
        0.0
    ],
    "weight_range": 16,
    "bias_range": 16,
    "tc_min": 1,
    "tc_max": 1,
    "inv_time_constants": [
        1.0,
        1.0,
        1.0,
        1.0,
        1.0,
        1.0
    ]
}