{
    "size": 6,
    "voltages": [
        0.0,
        0.0,
        0.0,
        0.0,
        0.0,
        0.0
    ],
    "time_constants": [
        1.0,
        1.0,
        1.0,
        1.0,
        1.0,
        1.0
    ],
    "biases": [
        6.856215702292495,
        4.475851431071213,
        1.0625226030919883,
        2.32089322761572,
        -15.60535880054654,
        6.247615305742887
    ],
    "inner_weights": [
        [
            4.811975735666934,
            0.17450795951497255,
            12.115247069489662,
            -10.181112788110898,
            11.271458197587108,
            8.004361155392342
        ],
        [
            5.315253359530324,
            15.61265434483079,
            -7.777010476677436,
            -15.094210391280061,
            4.343011694752054,
            11.113996399572038
        ],
        [
            7.557588003712343,
            -15.334172418448308,
            -12.42869981871895,
            -6.472840260612486,
            5.983046122874999,
            11.572033792052679
        ],
        [
            -9.64370050611901,
            5.030048979533522,
            6.388980127747043,
            -4.72344099974892,
            9.27873753040981,
            10.04953401974555
        ],
        [
            -9.682518895931743,
            14.382569414271437,
            -0.7487876484660063,
            5.331211135410047,
            -9.238014807955192,
            9.840842363183313
        ],
        [
            -5.77004414216216,
            -6.59404880954277,
            -6.338618315192143,
            10.492460857976017,
            1.6810780432708015,
            -9.866323042154907
        ]
    ],
    "outputs": [
        0.0,
        0.0,
        0.0,
        0.0,
        0.0,
        0.0
    ],
    "weight_range": 16,
    "bias_range": 16,
    "tc_min": 1,
    "tc_max": 1,
    "inv_time_constants": [
        1.0,
        1.0,
        1.0,
        1.0,
        1.0,
        1.0
    ]
}