{
    "size": 6,
    "voltages": [
        0.0,
        0.0,
        0.0,
        0.0,
        0.0,
        0.0
    ],
    "time_constants": [
        1.0,
        1.0,
        1.0,
        1.0,
        1.0,
        1.0
    ],
    "biases": [
        10.598568182093377,
        -1.1396603270335213,
        -10.815600671912033,
        1.5352093469762131,
        2.8315462989549616,
        8.755621410423498
    ],
    "inner_weights": [
        [
            0.5535322830908562,
            14.302803322074052,
            8.494712300701021,
            -6.9633329930523935,
            -8.926548375627117,
            5.95910672759894
        ],
        [
            -10.6515455007982,
            -3.4418410731190185,
            3.777675112089895,
            -2.8182369645201284,
            -15.921123801571643,
            12.289029835907353
        ],
        [
            12.318321228047154,
            -6.38688994027261,
            2.866619686870866,
            15.309661312474589,
            11.043002308041956,
            -13.917585950169808
        ],
        [
            -6.568177129044301,
            -6.786097889048115,
            10.318922851309857,
            4.037857214727875,
            -12.464713154762439,
            -15.983078042583166
        ],
        [
            14.149319451375987,
            -11.471975752793927,
            -2.508911162682889,
            -4.912337915246585,
            11.833122700709808,
            -2.284742004726837
        ],
        [
            10.520047498328182,
            6.971258823233224,
            -12.184745786108074,
            3.0842935267074836,
            -11.847798473434242,
            -13.51890906473033
        ]
    ],
    "outputs": [
        0.0,
        0.0,
        0.0,
        0.0,
        0.0,
        0.0
    ],
    "weight_range": 16,
    "bias_range": 16,
    "tc_min": 1,
    "tc_max": 1,
    "inv_time_constants": [
        1.0,
        1.0,
        1.0,
        1.0,
        1.0,
        1.0
    ]
}