{
    "size": 6,
    "voltages": [
        0.0,
        0.0,
        0.0,
        0.0,
        0.0,
        0.0
    ],
    "time_constants": [
        1.0,
        1.0,
        1.0,
        1.0,
        1.0,
        1.0
    ],
    "biases": [
        -0.2899172775579082,
        8.170065328777177,
        -2.3080639822353675,
        -5.446060740128239,
        -0.7135994251944169,
        13.425179935505657
    ],
    "inner_weights": [
        [
            11.640319538242654,
            -6.883009112715943,
            -13.655795581320447,
            8.423590538569119,
            -1.5129901568188373,
            1.353499968280783
        ],
        [
            7.252345050480233,
            11.164963443674306,
            8.58239928988743,
            7.460599146240558,
            -8.256434409475677,
            7.049878161751639
        ],
        [
            -14.131926214024922,
            -2.890594362950903,
            3.541512763445123,
            -7.8107240140195735,
            -6.8584983185173805,
            5.902839897923769
        ],
        [
            10.909431532433889,
            9.892909443226284,
            -15.997968135851906,
            13.555523031102474,
            9.822885220660865,
            14.59239683053546
        ],
        [
            -0.48867232289923734,
            5.2023681143206915,
            7.4818130428804,
            -1.084411936510488,
            9.774342355843359,
            -1.9843990762986898
        ],
        [
            -11.870727350074343,
            4.548818311774568,
            -0.6834015023411624,
            5.059864705471746,
            -13.332706198818741,
            5.239140425452579
        ]
    ],
    "outputs": [
        0.0,
        0.0,
        0.0,
        0.0,
        0.0,
        0.0
    ],
    "weight_range": 16,
    "bias_range": 16,
    "tc_min": 1,
    "tc_max": 1,
    "inv_time_constants": [
        1.0,
        1.0,
        1.0,
        1.0,
        1.0,
        1.0
    ]
}