{
    "size": 6,
    "voltages": [
        0.0,
        0.0,
        0.0,
        0.0,
        0.0,
        0.0
    ],
    "time_constants": [
        1.0,
        1.0,
        1.0,
        1.0,
        1.0,
        1.0
    ],
    "biases": [
        -13.273978515170118,
        12.00865068815223,
        14.551078664408085,
        7.309205219860811,
        -15.19147143102267,
        8.179540689285584
    ],
    "inner_weights": [
        [
            2.2060870438158595,
            -13.889144717137842,
            12.419541436808228,
            13.749061669570207,
            5.750145324036158,
            1.4168261255946852
        ],
        [
            -9.988821050943887,
            3.784430789920453,
            -4.027911411667766,
            13.874629384701535,
            4.74051847769816,
            5.497317676129526
        ],
        [
            13.810354170378595,
            5.439618733382385,
            -8.572015636075353,
            -7.813300766541971,
            -8.800261642228524,
            -13.417579027876894
        ],
        [
            -10.111992247893891,
            7.198379784290047,
            15.96578034551581,
            -11.41855631235265,
            -8.936912016168996,
            -7.08950554080478
        ],
        [
            7.9058483042308225,
            15.375423550831183,
            8.895842933501854,
            6.244570482481645,
            14.350558139432682,
            -13.508855610327224
        ],
        [
            -9.277911263476305,
            5.295323227878445,
            9.58001041239945,
            4.426939326353349,
            -14.934432092982732,
            -6.873828176350077
        ]
    ],
    "outputs": [
        0.0,
        0.0,
        0.0,
        0.0,
        0.0,
        0.0
    ],
    "weight_range": 16,
    "bias_range": 16,
    "tc_min": 1,
    "tc_max": 1,
    "inv_time_constants": [
        1.0,
        1.0,
        1.0,
        1.0,
        1.0,
        1.0
    ]
}