{
    "size": 6,
    "voltages": [
        0.0,
        0.0,
        0.0,
        0.0,
        0.0,
        0.0
    ],
    "time_constants": [
        1.0,
        1.0,
        1.0,
        1.0,
        1.0,
        1.0
    ],
    "biases": [
        13.000872861552246,
        8.264895577492762,
        -4.89913747918337,
        -1.1668891525101586,
        3.5372077071401407,
        -0.11898503452201581
    ],
    "inner_weights": [
        [
            -15.668027075657601,
            0.05998694875964006,
            -0.13525461970732522,
            -11.71745507330315,
            -11.452445265454767,
            -9.006122379965497
        ],
        [
            -2.607738223665521,
            -8.060762610766108,
            -13.310091162708797,
            -4.944043518387197,
            -10.663156910965714,
            12.11389073704509
        ],
        [
            14.430849012054928,
            -14.760051973365766,
            6.371436524760352,
            2.328314098221096,
            12.736227783204786,
            5.340767133428372
        ],
        [
            1.53080905748741,
            6.477677570177768,
            -3.6327305723307077,
            6.222037688462663,
            10.39585486401754,
            -1.0986087882474926
        ],
        [
            14.096781104852994,
            9.719672640394169,
            15.46749594317864,
            -10.571639757319453,
            0.6747107667135133,
            14.256557343239702
        ],
        [
            4.785294821135238,
            11.546621543222294,
            15.067072386887205,
            -10.062666018097257,
            -8.220298389970928,
            11.948826979235992
        ]
    ],
    "outputs": [
        0.0,
        0.0,
        0.0,
        0.0,
        0.0,
        0.0
    ],
    "weight_range": 16,
    "bias_range": 16,
    "tc_min": 1,
    "tc_max": 1,
    "inv_time_constants": [
        1.0,
        1.0,
        1.0,
        1.0,
        1.0,
        1.0
    ]
}