{
    "size": 6,
    "voltages": [
        0.0,
        0.0,
        0.0,
        0.0,
        0.0,
        0.0
    ],
    "time_constants": [
        1.0,
        1.0,
        1.0,
        1.0,
        1.0,
        1.0
    ],
    "biases": [
        2.6311887433800543,
        11.923233931651609,
        9.258855007089135,
        -9.021193798000741,
        -4.908091805015378,
        7.088020533008901
    ],
    "inner_weights": [
        [
            -7.970444040161915,
            -14.524933738476424,
            5.658119715537868,
            -14.608976459367934,
            -12.274441498670999,
            3.323702046362019
        ],
        [
            -9.890218791048348,
            5.392502952331064,
            13.358331163868694,
            -2.599037217622307,
            -5.367684798472233,
            -6.942923674504748
        ],
        [
            -10.03896744325682,
            -5.852464944427819,
            -0.6026025978951921,
            -13.775345030028625,
            6.559442290507381,
            -5.930338112654713
        ],
        [
            7.849035357415929,
            -3.2571905317368177,
            3.4632467047375606,
            7.310607596332865,
            -2.503742797873443,
            -3.3949371760710036
        ],
        [
            -8.568877638384095,
            -1.8667326695106041,
            -4.063315365395827,
            2.6753932712987876,
            -12.798995984174123,
            7.723260312818461
        ],
        [
            -13.337666195519525,
            -11.960833769395041,
            -5.667471040038233,
            4.573673359521884,
            15.983095351004739,
            -7.007947160252833
        ]
    ],
    "outputs": [
        0.0,
        0.0,
        0.0,
        0.0,
        0.0,
        0.0
    ],
    "weight_range": 16,
    "bias_range": 16,
    "tc_min": 1,
    "tc_max": 1,
    "inv_time_constants": [
        1.0,
        1.0,
        1.0,
        1.0,
        1.0,
        1.0
    ]
}