{
    "size": 6,
    "voltages": [
        0.0,
        0.0,
        0.0,
        0.0,
        0.0,
        0.0
    ],
    "time_constants": [
        1.0,
        1.0,
        1.0,
        1.0,
        1.0,
        1.0
    ],
    "biases": [
        5.5947049513735045,
        9.036247984564351,
        6.246452305421062,
        -5.473457619067183,
        -0.19098027833863185,
        0.7718836070858472
    ],
    "inner_weights": [
        [
            11.484456553377271,
            -4.073243040791041,
            1.7641208959550951,
            14.581009567736565,
            7.573427136359161,
            10.118564451599386
        ],
        [
            -12.765230070124009,
            13.711618253053985,
            3.4914934077218973,
            3.089709955944798,
            -13.062907686521534,
            -4.954040214228556
        ],
        [
            5.208080741938804,
            -1.865168369240454,
            1.6476091646067381,
            6.518799725666675,
            2.8608394016485015,
            -14.402151698702507
        ],
        [
            1.9773388779134962,
            8.523471115974761,
            13.149066549368321,
            -13.026881701184369,
            12.880684483590908,
            -1.2492670117627753
        ],
        [
            -1.5354089733843033,
            15.981615586571362,
            -10.802440206311847,
            6.699858694372875,
            -10.860029529672246,
            9.944856578867107
        ],
        [
            -14.875290411972713,
            1.1163753198486077,
            -10.671996063167068,
            -6.130867841032487,
            -14.558002787474216,
            -8.365563957634823
        ]
    ],
    "outputs": [
        0.0,
        0.0,
        0.0,
        0.0,
        0.0,
        0.0
    ],
    "weight_range": 16,
    "bias_range": 16,
    "tc_min": 1,
    "tc_max": 1,
    "inv_time_constants": [
        1.0,
        1.0,
        1.0,
        1.0,
        1.0,
        1.0
    ]
}