{
    "size": 6,
    "voltages": [
        0.0,
        0.0,
        0.0,
        0.0,
        0.0,
        0.0
    ],
    "time_constants": [
        1.0,
        1.0,
        1.0,
        1.0,
        1.0,
        1.0
    ],
    "biases": [
        11.334436323043452,
        -1.981190902209427,
        4.306580617740437,
        -7.0707344102577245,
        5.606347519134488,
        -3.715740009651171
    ],
    "inner_weights": [
        [
            0.021380042892197082,
            -1.021842369660316,
            0.025040820551435417,
            -11.226298705532539,
            10.24889394622128,
            -5.7163509884915875
        ],
        [
            8.933567907437226,
            10.082569852135126,
            -15.52632712699603,
            -8.717448692289185,
            6.775410413321634,
            10.275612655993825
        ],
        [
            9.3864152205213,
            -0.1530884608637777,
            1.9383902539747275,
            0.4777846393758516,
            -6.815573480516857,
            -9.98112648623076
        ],
        [
            -5.087819656347357,
            -7.478101293468434,
            -9.510117779680431,
            -2.954637630084971,
            0.6798258539976452,
            -15.729508151410105
        ],
        [
            14.820619304161422,
            11.535176912324346,
            9.280794168123379,
            8.068600561750436,
            14.053835548722574,
            15.495151324422011
        ],
        [
            -13.27778119781047,
            1.0446820037135076,
            8.187260111629485,
            -6.069185444825671,
            6.136594996257394,
            -9.748720003341901
        ]
    ],
    "outputs": [
        0.0,
        0.0,
        0.0,
        0.0,
        0.0,
        0.0
    ],
    "weight_range": 16,
    "bias_range": 16,
    "tc_min": 1,
    "tc_max": 1,
    "inv_time_constants": [
        1.0,
        1.0,
        1.0,
        1.0,
        1.0,
        1.0
    ]
}