{
    "size": 6,
    "voltages": [
        0.0,
        0.0,
        0.0,
        0.0,
        0.0,
        0.0
    ],
    "time_constants": [
        1.0,
        1.0,
        1.0,
        1.0,
        1.0,
        1.0
    ],
    "biases": [
        -0.22742485569354187,
        3.0246486965819805,
        -13.566817108105884,
        -12.24073858094313,
        14.926901312770188,
        2.6663132938572076
    ],
    "inner_weights": [
        [
            -2.376914863395335,
            10.066679695825684,
            7.532713286389747,
            11.776102396151543,
            -3.7318152680761543,
            15.34261222862466
        ],
        [
            12.58221909488433,
            -9.289114567859986,
            7.7384847172077045,
            5.2205862121517725,
            12.377646767741986,
            11.456406788337478
        ],
        [
            7.976390839792604,
            11.84463104176815,
            -10.023813008914782,
            -5.581865056184032,
            -4.0660020814571425,
            9.398816802677647
        ],
        [
            -11.16607137446114,
            -10.561833630790087,
            -13.40258902560494,
            -6.234389066566603,
            9.065273658203974,
            -10.787002176673706
        ],
        [
            -13.739478531669555,
            6.434277532529215,
            -10.208643868788194,
            3.165352012120273,
            -2.711563225747355,
            0.4343119700245808
        ],
        [
            -8.939002465722808,
            7.218336244324139,
            11.181918345904734,
            13.72457049643565,
            7.550081266102811,
            -0.7492082963097637
        ]
    ],
    "outputs": [
        0.0,
        0.0,
        0.0,
        0.0,
        0.0,
        0.0
    ],
    "weight_range": 16,
    "bias_range": 16,
    "tc_min": 1,
    "tc_max": 1,
    "inv_time_constants": [
        1.0,
        1.0,
        1.0,
        1.0,
        1.0,
        1.0
    ]
}