{
    "size": 6,
    "voltages": [
        0.0,
        0.0,
        0.0,
        0.0,
        0.0,
        0.0
    ],
    "time_constants": [
        1.0,
        1.0,
        1.0,
        1.0,
        1.0,
        1.0
    ],
    "biases": [
        0.7809305621911484,
        4.403527812031797,
        -3.1521458051112674,
        4.7937634886189535,
        -3.299199907144555,
        3.9653156335431383
    ],
    "inner_weights": [
        [
            14.944954848437654,
            1.5114319736231145,
            15.125899518876299,
            6.874111797579669,
            6.327322387112666,
            -9.085136141427956
        ],
        [
            15.240782552839736,
            -15.800631833453124,
            -7.904564403729793,
            -2.0866709630577347,
            8.940253497400079,
            -9.674077612791901
        ],
        [
            11.615783539175112,
            15.468821669610008,
            -10.757048275049641,
            3.114686205851495,
            -15.71244487463824,
            -3.6297189554038596
        ],
        [
            -14.586878146192014,
            14.61289496685555,
            -2.043307299846475,
            14.367273817010009,
            9.16179154992195,
            11.72125755461435
        ],
        [
            -10.458706512129659,
            -13.601645215580575,
            3.2237670840886175,
            -10.624890121011077,
            7.4681653603382365,
            -2.9297964751355288
        ],
        [
            0.8930823493734508,
            14.002290686430143,
            0.694275918238656,
            -12.537811747608618,
            -10.936850970086418,
            1.4464848545028097
        ]
    ],
    "outputs": [
        0.0,
        0.0,
        0.0,
        0.0,
        0.0,
        0.0
    ],
    "weight_range": 16,
    "bias_range": 16,
    "tc_min": 1,
    "tc_max": 1,
    "inv_time_constants": [
        1.0,
        1.0,
        1.0,
        1.0,
        1.0,
        1.0
    ]
}