{
    "size": 6,
    "voltages": [
        0.0,
        0.0,
        0.0,
        0.0,
        0.0,
        0.0
    ],
    "time_constants": [
        1.0,
        1.0,
        1.0,
        1.0,
        1.0,
        1.0
    ],
    "biases": [
        4.488684247751927,
        -15.387615655589226,
        9.793227894158942,
        -3.0434351364758783,
        -15.88467570016633,
        -1.1125306983567071
    ],
    "inner_weights": [
        [
            14.22389129143382,
            -1.1488584222589573,
            -9.830559073370956,
            2.620636060159743,
            3.8426947255560684,
            5.89516855882157
        ],
        [
            -12.689998239360062,
            7.855224521101871,
            -6.97666975762445,
            8.109586788617062,
            9.366580146262912,
            4.0768190809395115
        ],
        [
            -1.8083569990911528,
            14.830891277038901,
            12.706129719025668,
            -9.702262781487228,
            3.0704362620028682,
            2.348062255392424
        ],
        [
            6.558379333705986,
            13.736384588826429,
            -14.360645475596169,
            -11.68601635474343,
            -12.255087804273469,
            -4.328807657581084
        ],
        [
            9.709146824905694,
            15.047767067531176,
            -5.344663714254981,
            -0.690564026863953,
            -10.274001679491967,
            12.881103627185773
        ],
        [
            8.434421922188502,
            -9.636463026641746,
            -4.298042628100255,
            3.0586326991172363,
            -14.716983437207674,
            10.38809546128983
        ]
    ],
    "outputs": [
        0.0,
        0.0,
        0.0,
        0.0,
        0.0,
        0.0
    ],
    "weight_range": 16,
    "bias_range": 16,
    "tc_min": 1,
    "tc_max": 1,
    "inv_time_constants": [
        1.0,
        1.0,
        1.0,
        1.0,
        1.0,
        1.0
    ]
}