{
    "size": 4,
    "voltages": [
        0.0,
        0.0,
        0.0,
        0.0
    ],
    "time_constants": [
        1.0,
        1.0,
        1.0,
        1.0
    ],
    "biases": [
        -11.132530482502784,
        1.045954577832628,
        -3.6157834097104313,
        6.02647626950926
    ],
    "inner_weights": [
        [
            -12.87892474401755,
            8.359990933595402,
            -8.097984858677535,
            -11.579786000757775
        ],
        [
            -5.393709975330193,
            -13.344013919779428,
            5.503266600974932,
            9.811001541173042
        ],
        [
            15.447741265414848,
            4.341143513499283,
            -9.09045580649023,
            1.5688778266969479
        ],
        [
            1.4579186562952344,
            -8.509565659295948,
            -12.360773023773458,
            -0.010903454433449866
        ]
    ],
    "outputs": [
        0.0,
        0.0,
        0.0,
        0.0
    ],
    "weight_range": 16,
    "bias_range": 16,
    "tc_min": 1,
    "tc_max": 1,
    "inv_time_constants": [
        1.0,
        1.0,
        1.0,
        1.0
    ]
}