{
    "size": 4,
    "voltages": [
        0.0,
        0.0,
        0.0,
        0.0
    ],
    "time_constants": [
        1.0,
        1.0,
        1.0,
        1.0
    ],
    "biases": [
        -6.8584983185173805,
        5.902839897923769,
        10.909431532433889,
        9.892909443226284
    ],
    "inner_weights": [
        [
            11.640319538242654,
            -6.883009112715943,
            -13.655795581320447,
            8.423590538569119
        ],
        [
            -1.5129901568188373,
            1.353499968280783,
            7.252345050480233,
            11.164963443674306
        ],
        [
            8.58239928988743,
            7.460599146240558,
            -8.256434409475677,
            7.049878161751639
        ],
        [
            -14.131926214024922,
            -2.890594362950903,
            3.541512763445123,
            -7.8107240140195735
        ]
    ],
    "outputs": [
        0.0,
        0.0,
        0.0,
        0.0
    ],
    "weight_range": 16,
    "bias_range": 16,
    "tc_min": 1,
    "tc_max": 1,
    "inv_time_constants": [
        1.0,
        1.0,
        1.0,
        1.0
    ]
}