{
    "size": 4,
    "voltages": [
        0.0,
        0.0,
        0.0,
        0.0
    ],
    "time_constants": [
        1.0,
        1.0,
        1.0,
        1.0
    ],
    "biases": [
        5.295406050389182,
        -11.572500126028345,
        10.573858855506163,
        -12.057609946110887
    ],
    "inner_weights": [
        [
            -0.009781744997312103,
            -7.810011702026554,
            -7.740779808365616,
            -12.898505297946748
        ],
        [
            2.053923665981589,
            -15.488317649262264,
            -11.1169526757146,
            -0.632072622019205
        ],
        [
            -12.804071687279368,
            -2.6571554455201785,
            13.236826030824062,
            -4.776975670238794
        ],
        [
            -12.332660097985723,
            6.803468496069886,
            -12.739643101385916,
            -3.017585939787004
        ]
    ],
    "outputs": [
        0.0,
        0.0,
        0.0,
        0.0
    ],
    "weight_range": 16,
    "bias_range": 16,
    "tc_min": 1,
    "tc_max": 1,
    "inv_time_constants": [
        1.0,
        1.0,
        1.0,
        1.0
    ]
}