{
    "size": 4,
    "voltages": [
        0.0,
        0.0,
        0.0,
        0.0
    ],
    "time_constants": [
        1.0,
        1.0,
        1.0,
        1.0
    ],
    "biases": [
        -6.264248225294793,
        0.7922058122316109,
        -2.1777594034522956,
        -6.680667513662659
    ],
    "inner_weights": [
        [
            -4.0147161968844,
            14.422857805117317,
            7.423806137964963,
            3.157071494305171
        ],
        [
            -11.007403505842031,
            -11.008175349241515,
            -14.141324410617617,
            11.717636664797926
        ],
        [
            3.2356803757826818,
            6.658322489473456,
            -15.341296182534322,
            15.037115269183818
        ],
        [
            10.638164505613496,
            -9.205148458295163,
            -10.18160104937278,
            -10.131055684690118
        ]
    ],
    "outputs": [
        0.0,
        0.0,
        0.0,
        0.0
    ],
    "weight_range": 16,
    "bias_range": 16,
    "tc_min": 1,
    "tc_max": 1,
    "inv_time_constants": [
        1.0,
        1.0,
        1.0,
        1.0
    ]
}