{
    "size": 4,
    "voltages": [
        0.0,
        0.0,
        0.0,
        0.0
    ],
    "time_constants": [
        1.0,
        1.0,
        1.0,
        1.0
    ],
    "biases": [
        -15.232579763930708,
        1.8833308157082236,
        -7.703921698961107,
        -2.7167616956777714
    ],
    "inner_weights": [
        [
            1.6255328823864161,
            6.6607303237793545,
            -6.6910483547857815,
            0.3464833663252165
        ],
        [
            12.57430253912495,
            12.681378845870018,
            -11.98127006515724,
            -9.368227899578024
        ],
        [
            -14.353049494373444,
            -1.894085003179633,
            -15.043961251885857,
            -1.3813368193692455
        ],
        [
            4.772609523672344,
            -7.088406955264791,
            5.640156863364201,
            2.9076101573232265
        ]
    ],
    "outputs": [
        0.0,
        0.0,
        0.0,
        0.0
    ],
    "weight_range": 16,
    "bias_range": 16,
    "tc_min": 1,
    "tc_max": 1,
    "inv_time_constants": [
        1.0,
        1.0,
        1.0,
        1.0
    ]
}