{
    "size": 4,
    "voltages": [
        0.0,
        0.0,
        0.0,
        0.0
    ],
    "time_constants": [
        1.0,
        1.0,
        1.0,
        1.0
    ],
    "biases": [
        -0.9553444825585835,
        -10.205257032490103,
        -5.6478591421087785,
        -1.4430030090563761
    ],
    "inner_weights": [
        [
            -6.520026826482127,
            9.890166901546454,
            -4.791919192850834,
            9.261096205788562
        ],
        [
            1.9631672246583207,
            -7.885153464955739,
            -12.64073332207651,
            -14.129256665699849
        ],
        [
            5.545356184635015,
            6.330549024054722,
            7.449062590452925,
            9.211969871926733
        ],
        [
            -13.555957747405031,
            -5.834220908161143,
            7.712744869876058,
            -5.488184666398464
        ]
    ],
    "outputs": [
        0.0,
        0.0,
        0.0,
        0.0
    ],
    "weight_range": 16,
    "bias_range": 16,
    "tc_min": 1,
    "tc_max": 1,
    "inv_time_constants": [
        1.0,
        1.0,
        1.0,
        1.0
    ]
}