{
    "size": 4,
    "voltages": [
        0.0,
        0.0,
        0.0,
        0.0
    ],
    "time_constants": [
        1.0,
        1.0,
        1.0,
        1.0
    ],
    "biases": [
        -6.1653139563145345,
        -3.585102522834628,
        2.6062637741103387,
        -12.362010223493918
    ],
    "inner_weights": [
        [
            4.72163357929675,
            0.22879002281856486,
            0.9069241648716613,
            12.681126528316412
        ],
        [
            6.399718101359614,
            6.857507259876318,
            6.954828226924825,
            -8.869777210148445
        ],
        [
            -10.395055253631263,
            -1.3810723731814072,
            13.719629809233993,
            -15.68365161470565
        ],
        [
            -13.122489770113486,
            11.206408571357649,
            -0.4601261153579195,
            12.058738942360808
        ]
    ],
    "outputs": [
        0.0,
        0.0,
        0.0,
        0.0
    ],
    "weight_range": 16,
    "bias_range": 16,
    "tc_min": 1,
    "tc_max": 1,
    "inv_time_constants": [
        1.0,
        1.0,
        1.0,
        1.0
    ]
}