{
    "size": 4,
    "voltages": [
        0.0,
        0.0,
        0.0,
        0.0
    ],
    "time_constants": [
        1.0,
        1.0,
        1.0,
        1.0
    ],
    "biases": [
        -10.854114762630527,
        -12.410994157153912,
        -2.7151576918391207,
        -6.355447251225176
    ],
    "inner_weights": [
        [
            10.782211976464758,
            15.047547262090553,
            -1.6910788716316354,
            -6.893407711083789
        ],
        [
            8.678930816312132,
            -6.4338037684551175,
            15.242722396649103,
            13.732863203127557
        ],
        [
            -9.450429896354418,
            -4.955407448908176,
            -9.203198404094998,
            -6.436476578624951
        ],
        [
            -5.003186111119938,
            13.11879100162113,
            -11.659462544356927,
            -9.765982150533588
        ]
    ],
    "outputs": [
        0.0,
        0.0,
        0.0,
        0.0
    ],
    "weight_range": 16,
    "bias_range": 16,
    "tc_min": 1,
    "tc_max": 1,
    "inv_time_constants": [
        1.0,
        1.0,
        1.0,
        1.0
    ]
}