{
    "size": 4,
    "voltages": [
        0.0,
        0.0,
        0.0,
        0.0
    ],
    "time_constants": [
        1.0,
        1.0,
        1.0,
        1.0
    ],
    "biases": [
        15.16660149852672,
        0.781270892007683,
        -13.004381014471917,
        10.025869209028127
    ],
    "inner_weights": [
        [
            5.512913876185337,
            -0.3814912243013211,
            10.415845569148683,
            -14.99371559595846
        ],
        [
            9.857598827675126,
            2.0997574275369786,
            -6.476080041473793,
            -14.505736943777496
        ],
        [
            15.700076783065477,
            -15.781576542603034,
            8.633376902078073,
            7.896547231817589
        ],
        [
            -3.9219540372811146,
            -0.18728152828877143,
            13.726348547058535,
            -3.3454705809337497
        ]
    ],
    "outputs": [
        0.0,
        0.0,
        0.0,
        0.0
    ],
    "weight_range": 16,
    "bias_range": 16,
    "tc_min": 1,
    "tc_max": 1,
    "inv_time_constants": [
        1.0,
        1.0,
        1.0,
        1.0
    ]
}