{
    "size": 4,
    "voltages": [
        0.0,
        0.0,
        0.0,
        0.0
    ],
    "time_constants": [
        1.0,
        1.0,
        1.0,
        1.0
    ],
    "biases": [
        11.327209364463641,
        -0.18442120377831017,
        11.089967531438976,
        -13.451344735710048
    ],
    "inner_weights": [
        [
            -2.0481631314558797,
            -15.170360581507477,
            1.5891992921186926,
            -2.06968343621514
        ],
        [
            -2.548230333200351,
            -5.429285727876028,
            -9.45124371078904,
            3.8166709232212384
        ],
        [
            -6.4110504424152595,
            -7.461527196708268,
            3.876282648617437,
            0.9325470168652501
        ],
        [
            -11.693441748962126,
            0.43449988050388555,
            -10.097924299298711,
            9.13072473013355
        ]
    ],
    "outputs": [
        0.0,
        0.0,
        0.0,
        0.0
    ],
    "weight_range": 16,
    "bias_range": 16,
    "tc_min": 1,
    "tc_max": 1,
    "inv_time_constants": [
        1.0,
        1.0,
        1.0,
        1.0
    ]
}