{
    "size": 4,
    "voltages": [
        0.0,
        0.0,
        0.0,
        0.0
    ],
    "time_constants": [
        1.0,
        1.0,
        1.0,
        1.0
    ],
    "biases": [
        -8.127766283781835,
        14.51509301856034,
        9.22529737258878,
        -2.108982724459029
    ],
    "inner_weights": [
        [
            -10.061591205806742,
            -3.6288223026537594,
            10.620678356389433,
            -9.64168163072377
        ],
        [
            13.329854908783734,
            9.225942420430378,
            7.123337100154796,
            15.862224667662872
        ],
        [
            11.051908562805437,
            -8.520749112891977,
            -5.682738181484837,
            6.932992232285422
        ],
        [
            -12.709363188883327,
            3.20290182578794,
            -11.639555266359896,
            12.776124258151114
        ]
    ],
    "outputs": [
        0.0,
        0.0,
        0.0,
        0.0
    ],
    "weight_range": 16,
    "bias_range": 16,
    "tc_min": 1,
    "tc_max": 1,
    "inv_time_constants": [
        1.0,
        1.0,
        1.0,
        1.0
    ]
}