{
    "size": 4,
    "voltages": [
        0.0,
        0.0,
        0.0,
        0.0
    ],
    "time_constants": [
        1.0,
        1.0,
        1.0,
        1.0
    ],
    "biases": [
        -6.181243168282844,
        -10.287704404129059,
        -3.2663806110304883,
        12.458934001135717
    ],
    "inner_weights": [
        [
            -9.516577483875505,
            -9.37302067004886,
            -11.11559221439213,
            8.146969968816734
        ],
        [
            -8.722343496444093,
            5.25062284910171,
            2.854970393613101,
            -2.5072889347192273
        ],
        [
            11.39276403483267,
            -0.42391365986921414,
            -7.988747615514285,
            10.957404232123437
        ],
        [
            9.594542165618968,
            8.7181214442272,
            10.229509873262579,
            -14.168784322933462
        ]
    ],
    "outputs": [
        0.0,
        0.0,
        0.0,
        0.0
    ],
    "weight_range": 16,
    "bias_range": 16,
    "tc_min": 1,
    "tc_max": 1,
    "inv_time_constants": [
        1.0,
        1.0,
        1.0,
        1.0
    ]
}