{
    "size": 4,
    "voltages": [
        0.0,
        0.0,
        0.0,
        0.0
    ],
    "time_constants": [
        1.0,
        1.0,
        1.0,
        1.0
    ],
    "biases": [
        -6.592775430016623,
        -10.679241529631224,
        -3.3464691253623613,
        0.34143151216414225
    ],
    "inner_weights": [
        [
            7.328439753251811,
            1.9596672744845165,
            -12.00105305570429,
            -3.277044201596251
        ],
        [
            9.001862600751235,
            0.3517754128996202,
            -10.1538125306936,
            11.312412007963289
        ],
        [
            14.571900564313896,
            15.494830984056925,
            -9.833568837524215,
            15.06544324384695
        ],
        [
            -8.486132652753827,
            -15.156676847684139,
            14.27393097910258,
            13.495195264670297
        ]
    ],
    "outputs": [
        0.0,
        0.0,
        0.0,
        0.0
    ],
    "weight_range": 16,
    "bias_range": 16,
    "tc_min": 1,
    "tc_max": 1,
    "inv_time_constants": [
        1.0,
        1.0,
        1.0,
        1.0
    ]
}