{
    "size": 4,
    "voltages": [
        0.0,
        0.0,
        0.0,
        0.0
    ],
    "time_constants": [
        1.0,
        1.0,
        1.0,
        1.0
    ],
    "biases": [
        4.890761219203519,
        -6.512031042987719,
        -14.95586353897805,
        14.360167799882031
    ],
    "inner_weights": [
        [
            -4.316621343273795,
            -1.5614106914131867,
            -0.12606883943073655,
            -13.580093868955618
        ],
        [
            2.2963706344870687,
            -6.731711815233325,
            -6.118257318770407,
            -4.003962671832941
        ],
        [
            10.10741358179246,
            15.002710198634016,
            9.244199013263042,
            -3.8181815310984213
        ],
        [
            -10.793081077189896,
            1.516405655369514,
            8.958101725630023,
            -6.398601384525687
        ]
    ],
    "outputs": [
        0.0,
        0.0,
        0.0,
        0.0
    ],
    "weight_range": 16,
    "bias_range": 16,
    "tc_min": 1,
    "tc_max": 1,
    "inv_time_constants": [
        1.0,
        1.0,
        1.0,
        1.0
    ]
}