{
    "size": 4,
    "voltages": [
        0.0,
        0.0,
        0.0,
        0.0
    ],
    "time_constants": [
        1.0,
        1.0,
        1.0,
        1.0
    ],
    "biases": [
        6.559442290507381,
        -5.930338112654713,
        7.849035357415929,
        -3.2571905317368177
    ],
    "inner_weights": [
        [
            -7.970444040161915,
            -14.524933738476424,
            5.658119715537868,
            -14.608976459367934
        ],
        [
            -12.274441498670999,
            3.323702046362019,
            -9.890218791048348,
            5.392502952331064
        ],
        [
            13.358331163868694,
            -2.599037217622307,
            -5.367684798472233,
            -6.942923674504748
        ],
        [
            -10.03896744325682,
            -5.852464944427819,
            -0.6026025978951921,
            -13.775345030028625
        ]
    ],
    "outputs": [
        0.0,
        0.0,
        0.0,
        0.0
    ],
    "weight_range": 16,
    "bias_range": 16,
    "tc_min": 1,
    "tc_max": 1,
    "inv_time_constants": [
        1.0,
        1.0,
        1.0,
        1.0
    ]
}