{
    "size": 4,
    "voltages": [
        0.0,
        0.0,
        0.0,
        0.0
    ],
    "time_constants": [
        1.0,
        1.0,
        1.0,
        1.0
    ],
    "biases": [
        -9.171668685442704,
        -1.5320332218341406,
        13.798592630048695,
        -15.203224718388864
    ],
    "inner_weights": [
        [
            -13.55813474003337,
            8.957401351683668,
            -1.970904593891408,
            7.150885690590119
        ],
        [
            15.295664383891285,
            1.2318678531338776,
            0.03585483711801274,
            -13.69436373248763
        ],
        [
            -7.4099526367401225,
            -0.003759973582081244,
            5.735359875870095,
            9.719649155340015
        ],
        [
            -3.8098837392467715,
            -13.890036899011037,
            -6.779340822144206,
            13.106992887027637
        ]
    ],
    "outputs": [
        0.0,
        0.0,
        0.0,
        0.0
    ],
    "weight_range": 16,
    "bias_range": 16,
    "tc_min": 1,
    "tc_max": 1,
    "inv_time_constants": [
        1.0,
        1.0,
        1.0,
        1.0
    ]
}