{
    "size": 4,
    "voltages": [
        0.0,
        0.0,
        0.0,
        0.0
    ],
    "time_constants": [
        1.0,
        1.0,
        1.0,
        1.0
    ],
    "biases": [
        8.70540388622516,
        14.650629378984807,
        6.462012291017956,
        -6.477495460318384
    ],
    "inner_weights": [
        [
            -9.329262804517036,
            -0.5862060235722915,
            -2.542782869940009,
            11.493823952683012
        ],
        [
            -10.522830284426455,
            -5.156353260681588,
            -7.342949334469402,
            6.113323214387076
        ],
        [
            -8.94705546759278,
            9.982429457237973,
            -15.66314002188453,
            1.9585182932159917
        ],
        [
            10.039237997286286,
            7.843209473882741,
            -9.948436631662016,
            -15.803492276924857
        ]
    ],
    "outputs": [
        0.0,
        0.0,
        0.0,
        0.0
    ],
    "weight_range": 16,
    "bias_range": 16,
    "tc_min": 1,
    "tc_max": 1,
    "inv_time_constants": [
        1.0,
        1.0,
        1.0,
        1.0
    ]
}