{
    "size": 4,
    "voltages": [
        0.0,
        0.0,
        0.0,
        0.0
    ],
    "time_constants": [
        1.0,
        1.0,
        1.0,
        1.0
    ],
    "biases": [
        12.736227783204786,
        5.340767133428372,
        1.53080905748741,
        6.477677570177768
    ],
    "inner_weights": [
        [
            -15.668027075657601,
            0.05998694875964006,
            -0.13525461970732522,
            -11.71745507330315
        ],
        [
            -11.452445265454767,
            -9.006122379965497,
            -2.607738223665521,
            -8.060762610766108
        ],
        [
            -13.310091162708797,
            -4.944043518387197,
            -10.663156910965714,
            12.11389073704509
        ],
        [
            14.430849012054928,
            -14.760051973365766,
            6.371436524760352,
            2.328314098221096
        ]
    ],
    "outputs": [
        0.0,
        0.0,
        0.0,
        0.0
    ],
    "weight_range": 16,
    "bias_range": 16,
    "tc_min": 1,
    "tc_max": 1,
    "inv_time_constants": [
        1.0,
        1.0,
        1.0,
        1.0
    ]
}