{
    "size": 4,
    "voltages": [
        0.0,
        0.0,
        0.0,
        0.0
    ],
    "time_constants": [
        1.0,
        1.0,
        1.0,
        1.0
    ],
    "biases": [
        -12.265800475747355,
        8.04098238360643,
        -8.345017081612497,
        -7.846207553851304
    ],
    "inner_weights": [
        [
            2.820185634472775,
            12.726839293101374,
            12.528983343190657,
            10.106799273845887
        ],
        [
            -14.851533260260695,
            6.136242616284285,
            -3.8822098558269396,
            0.5923502543385801
        ],
        [
            5.054446897882016,
            -9.796793027745654,
            -7.285875133869315,
            6.995389875237304
        ],
        [
            9.056115502688336,
            11.210484472799852,
            8.807836607819606,
            -14.826742194525256
        ]
    ],
    "outputs": [
        0.0,
        0.0,
        0.0,
        0.0
    ],
    "weight_range": 16,
    "bias_range": 16,
    "tc_min": 1,
    "tc_max": 1,
    "inv_time_constants": [
        1.0,
        1.0,
        1.0,
        1.0
    ]
}