{
    "size": 4,
    "voltages": [
        0.0,
        0.0,
        0.0,
        0.0
    ],
    "time_constants": [
        1.0,
        1.0,
        1.0,
        1.0
    ],
    "biases": [
        -10.064187581571506,
        13.350193569200467,
        -7.330534292007361,
        -7.246467468881001
    ],
    "inner_weights": [
        [
            -12.368368899403215,
            15.183459021966613,
            7.319508272035399,
            -4.753030211433554
        ],
        [
            6.643364424290592,
            9.587347253121724,
            4.65797934426536,
            -2.7328125699786767
        ],
        [
            6.592992360736293,
            -8.107219783211459,
            -7.808242198465205,
            -15.23163666734845
        ],
        [
            -12.840769444838063,
            -6.3860340684387715,
            4.507381689933624,
            -5.689345661776674
        ]
    ],
    "outputs": [
        0.0,
        0.0,
        0.0,
        0.0
    ],
    "weight_range": 16,
    "bias_range": 16,
    "tc_min": 1,
    "tc_max": 1,
    "inv_time_constants": [
        1.0,
        1.0,
        1.0,
        1.0
    ]
}