{
    "size": 4,
    "voltages": [
        0.0,
        0.0,
        0.0,
        0.0
    ],
    "time_constants": [
        1.0,
        1.0,
        1.0,
        1.0
    ],
    "biases": [
        -7.464479270336458,
        -7.452943250359976,
        15.234463028611021,
        -14.00801477164709
    ],
    "inner_weights": [
        [
            5.000453927454618,
            14.55684406122328,
            15.068033119802124,
            -12.86937032590761
        ],
        [
            -8.29616269500221,
            11.796543581241291,
            1.518493902480433,
            7.012905533720254
        ],
        [
            13.62187777570086,
            3.745235747569488,
            5.339531469461427,
            -5.315141078999542
        ],
        [
            -10.146848166382604,
            -4.4012309929037094,
            -3.1406051603970973,
            8.381147527199435
        ]
    ],
    "outputs": [
        0.0,
        0.0,
        0.0,
        0.0
    ],
    "weight_range": 16,
    "bias_range": 16,
    "tc_min": 1,
    "tc_max": 1,
    "inv_time_constants": [
        1.0,
        1.0,
        1.0,
        1.0
    ]
}