{
    "size": 4,
    "voltages": [
        0.0,
        0.0,
        0.0,
        0.0
    ],
    "time_constants": [
        1.0,
        1.0,
        1.0,
        1.0
    ],
    "biases": [
        2.222078768874141,
        -15.831291431956426,
        11.984774995359182,
        2.4921390665938183
    ],
    "inner_weights": [
        [
            1.7261127200187651,
            -3.3200674014282647,
            -14.459943277437546,
            0.8215219549712884
        ],
        [
            -11.10276538201951,
            0.00032515181292680495,
            -7.805223049083278,
            1.37898105182434
        ],
        [
            1.5445158245910946,
            -8.774761156587225,
            -13.144118049513757,
            -1.5401719924105315
        ],
        [
            8.748304342315134,
            5.827668793772435,
            11.588522418459927,
            -1.4769601166687174
        ]
    ],
    "outputs": [
        0.0,
        0.0,
        0.0,
        0.0
    ],
    "weight_range": 16,
    "bias_range": 16,
    "tc_min": 1,
    "tc_max": 1,
    "inv_time_constants": [
        1.0,
        1.0,
        1.0,
        1.0
    ]
}