{
    "size": 4,
    "voltages": [
        0.0,
        0.0,
        0.0,
        0.0
    ],
    "time_constants": [
        1.0,
        1.0,
        1.0,
        1.0
    ],
    "biases": [
        -7.306133320374354,
        10.767246108622174,
        -6.958676482277074,
        -11.57412471584048
    ],
    "inner_weights": [
        [
            -14.766026211794891,
            8.963214736789599,
            -13.033479829307733,
            4.252565967503273
        ],
        [
            -15.555492853753002,
            13.957073154717545,
            -2.3496197844629307,
            -7.901233575739834
        ],
        [
            -9.921110198602562,
            -2.725611746023315,
            -15.57054048833912,
            4.7511291143420955
        ],
        [
            11.819799870369096,
            3.489142510327035,
            9.855770204212657,
            10.448362573418656
        ]
    ],
    "outputs": [
        0.0,
        0.0,
        0.0,
        0.0
    ],
    "weight_range": 16,
    "bias_range": 16,
    "tc_min": 1,
    "tc_max": 1,
    "inv_time_constants": [
        1.0,
        1.0,
        1.0,
        1.0
    ]
}