{
    "size": 4,
    "voltages": [
        0.0,
        0.0,
        0.0,
        0.0
    ],
    "time_constants": [
        1.0,
        1.0,
        1.0,
        1.0
    ],
    "biases": [
        11.191697340499594,
        -7.509845816821361,
        -1.8922137280152,
        12.188332239836171
    ],
    "inner_weights": [
        [
            15.494139217362456,
            -5.330807487531093,
            5.558451989412401,
            -9.715506649135214
        ],
        [
            -4.657713131487245,
            10.027710501825936,
            -8.068814287639647,
            -1.3244375953211573
        ],
        [
            12.073645487906806,
            -3.466929242642941,
            -5.56373054879008,
            -13.11695647219932
        ],
        [
            10.694967997562689,
            -12.921228641855027,
            4.7214426271129675,
            1.584127627755052
        ]
    ],
    "outputs": [
        0.0,
        0.0,
        0.0,
        0.0
    ],
    "weight_range": 16,
    "bias_range": 16,
    "tc_min": 1,
    "tc_max": 1,
    "inv_time_constants": [
        1.0,
        1.0,
        1.0,
        1.0
    ]
}