{
    "size": 4,
    "voltages": [
        0.0,
        0.0,
        0.0,
        0.0
    ],
    "time_constants": [
        1.0,
        1.0,
        1.0,
        1.0
    ],
    "biases": [
        -9.735319783359198,
        15.81419789751557,
        -8.474224076256355,
        -8.352436097835167
    ],
    "inner_weights": [
        [
            4.612593154186719,
            -3.8160483316762708,
            5.217532970741395,
            -10.763176764711893
        ],
        [
            14.803450037578198,
            -4.906821107847499,
            15.736031753395444,
            -8.47814734061934
        ],
        [
            2.7422165926930475,
            -2.9859167479935778,
            -11.640501695390498,
            1.412361204421753
        ],
        [
            0.5816430984270546,
            8.539363401552173,
            13.883204586194552,
            -13.12949175085032
        ]
    ],
    "outputs": [
        0.0,
        0.0,
        0.0,
        0.0
    ],
    "weight_range": 16,
    "bias_range": 16,
    "tc_min": 1,
    "tc_max": 1,
    "inv_time_constants": [
        1.0,
        1.0,
        1.0,
        1.0
    ]
}