{
    "size": 4,
    "voltages": [
        0.0,
        0.0,
        0.0,
        0.0
    ],
    "time_constants": [
        1.0,
        1.0,
        1.0,
        1.0
    ],
    "biases": [
        8.286202736387658,
        15.055524011173045,
        8.29768168913769,
        -3.7039989731158585
    ],
    "inner_weights": [
        [
            -14.440803814107927,
            -6.748490886725861,
            7.070923098599355,
            -15.308280002689607
        ],
        [
            -9.410471511441951,
            -14.375255785747942,
            -6.327299393132261,
            5.245129427990399
        ],
        [
            -6.140339416419877,
            2.6749208389951598,
            -13.773729452396783,
            11.756943487778827
        ],
        [
            -11.736303383944072,
            -10.300010830096053,
            -0.13025440556301504,
            11.638388625863154
        ]
    ],
    "outputs": [
        0.0,
        0.0,
        0.0,
        0.0
    ],
    "weight_range": 16,
    "bias_range": 16,
    "tc_min": 1,
    "tc_max": 1,
    "inv_time_constants": [
        1.0,
        1.0,
        1.0,
        1.0
    ]
}