{
    "size": 4,
    "voltages": [
        0.0,
        0.0,
        0.0,
        0.0
    ],
    "time_constants": [
        1.0,
        1.0,
        1.0,
        1.0
    ],
    "biases": [
        -15.277586029514286,
        4.309582149973977,
        -8.817864345608342,
        -3.254084150365056
    ],
    "inner_weights": [
        [
            -3.868847186119357,
            2.147141349747649,
            3.0589604050279,
            -1.6045152366255166
        ],
        [
            -1.3753655873690036,
            -6.027168067987343,
            -5.973204441677748,
            -6.564497247949426
        ],
        [
            0.9847187595400442,
            -3.3208953088185957,
            7.000011909918701,
            1.5389439023964968
        ],
        [
            2.626402646628513,
            -10.63516999068646,
            -15.063129676883346,
            -9.320258626751666
        ]
    ],
    "outputs": [
        0.0,
        0.0,
        0.0,
        0.0
    ],
    "weight_range": 16,
    "bias_range": 16,
    "tc_min": 1,
    "tc_max": 1,
    "inv_time_constants": [
        1.0,
        1.0,
        1.0,
        1.0
    ]
}