{
    "size": 4,
    "voltages": [
        0.0,
        0.0,
        0.0,
        0.0
    ],
    "time_constants": [
        1.0,
        1.0,
        1.0,
        1.0
    ],
    "biases": [
        -1.028358259669389,
        -12.779610978016642,
        13.67321263367069,
        -10.84842098103897
    ],
    "inner_weights": [
        [
            -13.204811427130398,
            -8.624732814344704,
            -2.8460457395547927,
            -6.054953646077216
        ],
        [
            2.1105885043681774,
            1.4420385210832158,
            9.827182170572055,
            13.38096343307512
        ],
        [
            0.7069040909976678,
            -2.4100076355748783,
            -13.70227345441159,
            12.75292320573497
        ],
        [
            -2.543557566238519,
            2.6294332140286585,
            -9.147086851985499,
            -1.6804582469416651
        ]
    ],
    "outputs": [
        0.0,
        0.0,
        0.0,
        0.0
    ],
    "weight_range": 16,
    "bias_range": 16,
    "tc_min": 1,
    "tc_max": 1,
    "inv_time_constants": [
        1.0,
        1.0,
        1.0,
        1.0
    ]
}