{
    "size": 4,
    "voltages": [
        0.0,
        0.0,
        0.0,
        0.0
    ],
    "time_constants": [
        1.0,
        1.0,
        1.0,
        1.0
    ],
    "biases": [
        -4.978664298835572,
        15.200006258507766,
        -15.100668217941191,
        0.7915177891471679
    ],
    "inner_weights": [
        [
            7.02034515980667,
            3.4310776199036646,
            6.075571666520439,
            -2.45014467518288
        ],
        [
            -1.5754844611115644,
            -3.440896960329873,
            0.3810287402012662,
            -12.391937312166775
        ],
        [
            15.17750441155038,
            -0.1659913492515166,
            14.515673132008398,
            -6.177091416673637
        ],
        [
            8.749549722696834,
            -5.979366445071211,
            -6.323886097437384,
            8.738006139450519
        ]
    ],
    "outputs": [
        0.0,
        0.0,
        0.0,
        0.0
    ],
    "weight_range": 16,
    "bias_range": 16,
    "tc_min": 1,
    "tc_max": 1,
    "inv_time_constants": [
        1.0,
        1.0,
        1.0,
        1.0
    ]
}