{
    "size": 4,
    "voltages": [
        0.0,
        0.0,
        0.0,
        0.0
    ],
    "time_constants": [
        1.0,
        1.0,
        1.0,
        1.0
    ],
    "biases": [
        5.497810002466409,
        1.9753314340204042,
        1.361916054704313,
        12.590323318236823
    ],
    "inner_weights": [
        [
            14.720553706749392,
            6.384385598386434,
            15.995753363964134,
            -8.957846406948743
        ],
        [
            -4.446196673150144,
            7.674911686701986,
            15.886583202851103,
            -5.876896710700532
        ],
        [
            -11.630573445647212,
            -3.7126396751487967,
            -5.743382925913821,
            -4.274727901327516
        ],
        [
            6.708850002820078,
            12.804557776747952,
            1.091694054327057,
            -8.086599522881755
        ]
    ],
    "outputs": [
        0.0,
        0.0,
        0.0,
        0.0
    ],
    "weight_range": 16,
    "bias_range": 16,
    "tc_min": 1,
    "tc_max": 1,
    "inv_time_constants": [
        1.0,
        1.0,
        1.0,
        1.0
    ]
}