{
    "size": 4,
    "voltages": [
        0.0,
        0.0,
        0.0,
        0.0
    ],
    "time_constants": [
        1.0,
        1.0,
        1.0,
        1.0
    ],
    "biases": [
        -6.828143790024733,
        -8.941284646254328,
        0.06673749241469906,
        4.354001271333644
    ],
    "inner_weights": [
        [
            -6.3720534385082,
            -10.017733877059904,
            -5.658154337016978,
            5.30398624922589
        ],
        [
            2.143065631014828,
            -3.25587331523953,
            -3.8587227032129086,
            -15.661390851883425
        ],
        [
            -10.548300768201212,
            -12.051412138236671,
            6.156840844930752,
            11.982129938326121
        ],
        [
            -5.203299051564052,
            15.758695221746162,
            -11.79071773492102,
            0.01055476983334458
        ]
    ],
    "outputs": [
        0.0,
        0.0,
        0.0,
        0.0
    ],
    "weight_range": 16,
    "bias_range": 16,
    "tc_min": 1,
    "tc_max": 1,
    "inv_time_constants": [
        1.0,
        1.0,
        1.0,
        1.0
    ]
}