{
    "size": 4,
    "voltages": [
        0.0,
        0.0,
        0.0,
        0.0
    ],
    "time_constants": [
        1.0,
        1.0,
        1.0,
        1.0
    ],
    "biases": [
        -2.744479389406358,
        -6.525442152523265,
        4.121213084143466,
        2.5548099260654418
    ],
    "inner_weights": [
        [
            -8.896218525128337,
            11.863433797676045,
            -9.384987029138355,
            13.39554905401349
        ],
        [
            -0.3708419585654674,
            3.5758036128846626,
            8.509051407370098,
            0.5893756119341838
        ],
        [
            -6.5023839495608975,
            -9.992920682839948,
            -13.416279399524004,
            7.63008947836704
        ],
        [
            -1.878104867329501,
            -10.934084233195161,
            12.157984998440924,
            -7.2292332162488115
        ]
    ],
    "outputs": [
        0.0,
        0.0,
        0.0,
        0.0
    ],
    "weight_range": 16,
    "bias_range": 16,
    "tc_min": 1,
    "tc_max": 1,
    "inv_time_constants": [
        1.0,
        1.0,
        1.0,
        1.0
    ]
}