{
    "size": 4,
    "voltages": [
        0.0,
        0.0,
        0.0,
        0.0
    ],
    "time_constants": [
        1.0,
        1.0,
        1.0,
        1.0
    ],
    "biases": [
        -7.805168933365749,
        -3.0951929519074035,
        10.543699956187297,
        -3.664411306851825
    ],
    "inner_weights": [
        [
            -8.678288398179163,
            -9.897983404026146,
            12.363509471436757,
            7.005628658861006
        ],
        [
            1.0554682698925504,
            11.82278720013166,
            7.175605644779125,
            -0.5732162835467349
        ],
        [
            8.194470297239356,
            15.191679825498941,
            0.2677472229440525,
            14.671723284658473
        ],
        [
            -0.1835724472975393,
            0.5493546775063756,
            -4.990006060796873,
            15.032007426591203
        ]
    ],
    "outputs": [
        0.0,
        0.0,
        0.0,
        0.0
    ],
    "weight_range": 16,
    "bias_range": 16,
    "tc_min": 1,
    "tc_max": 1,
    "inv_time_constants": [
        1.0,
        1.0,
        1.0,
        1.0
    ]
}