{
    "size": 4,
    "voltages": [
        0.0,
        0.0,
        0.0,
        0.0
    ],
    "time_constants": [
        1.0,
        1.0,
        1.0,
        1.0
    ],
    "biases": [
        11.043002308041956,
        -13.917585950169808,
        -6.568177129044301,
        -6.786097889048115
    ],
    "inner_weights": [
        [
            0.5535322830908562,
            14.302803322074052,
            8.494712300701021,
            -6.9633329930523935
        ],
        [
            -8.926548375627117,
            5.95910672759894,
            -10.6515455007982,
            -3.4418410731190185
        ],
        [
            3.777675112089895,
            -2.8182369645201284,
            -15.921123801571643,
            12.289029835907353
        ],
        [
            12.318321228047154,
            -6.38688994027261,
            2.866619686870866,
            15.309661312474589
        ]
    ],
    "outputs": [
        0.0,
        0.0,
        0.0,
        0.0
    ],
    "weight_range": 16,
    "bias_range": 16,
    "tc_min": 1,
    "tc_max": 1,
    "inv_time_constants": [
        1.0,
        1.0,
        1.0,
        1.0
    ]
}