{
    "size": 4,
    "voltages": [
        0.0,
        0.0,
        0.0,
        0.0
    ],
    "time_constants": [
        1.0,
        1.0,
        1.0,
        1.0
    ],
    "biases": [
        1.66520426446613,
        -0.4679227627932896,
        8.580292930061514,
        -10.857063899981757
    ],
    "inner_weights": [
        [
            -11.066789043850484,
            7.681590288492952,
            -7.5739195140756905,
            1.0796605881695278
        ],
        [
            -15.53360120046657,
            13.399904259196319,
            12.822875331744392,
            -14.930514315956973
        ],
        [
            14.622378760803738,
            -11.609301716605554,
            -6.917492705345733,
            3.394661899482525
        ],
        [
            14.215204353697349,
            11.287537315497119,
            -15.927704527407567,
            0.679232871049372
        ]
    ],
    "outputs": [
        0.0,
        0.0,
        0.0,
        0.0
    ],
    "weight_range": 16,
    "bias_range": 16,
    "tc_min": 1,
    "tc_max": 1,
    "inv_time_constants": [
        1.0,
        1.0,
        1.0,
        1.0
    ]
}