{
    "size": 4,
    "voltages": [
        0.0,
        0.0,
        0.0,
        0.0
    ],
    "time_constants": [
        1.0,
        1.0,
        1.0,
        1.0
    ],
    "biases": [
        14.789361324935978,
        -14.114613262538445,
        -6.725187631974663,
        -6.010747452449053
    ],
    "inner_weights": [
        [
            -6.369137412610733,
            -8.094021377221939,
            13.64272432189362,
            12.531310024888448
        ],
        [
            5.864856319199582,
            2.1403091039895124,
            1.502908167777015,
            -9.266437248423493
        ],
        [
            8.632142981933942,
            12.679363230623146,
            7.092814610111091,
            -0.039028802935494156
        ],
        [
            -1.849190947385786,
            9.677776889741612,
            11.034601783677427,
            -8.667577458792707
        ]
    ],
    "outputs": [
        0.0,
        0.0,
        0.0,
        0.0
    ],
    "weight_range": 16,
    "bias_range": 16,
    "tc_min": 1,
    "tc_max": 1,
    "inv_time_constants": [
        1.0,
        1.0,
        1.0,
        1.0
    ]
}