{
    "size": 4,
    "voltages": [
        0.0,
        0.0,
        0.0,
        0.0
    ],
    "time_constants": [
        1.0,
        1.0,
        1.0,
        1.0
    ],
    "biases": [
        -6.630453956059448,
        11.952088328645644,
        12.258193649333577,
        1.912896205221859
    ],
    "inner_weights": [
        [
            -14.458200719992394,
            5.790816443766971,
            9.558274172921656,
            9.60347493305224
        ],
        [
            14.889512005000334,
            -1.7913656249827419,
            10.599516049947141,
            -8.109835683929191
        ],
        [
            -14.391107900482432,
            -0.40218295202921794,
            4.807608116109858,
            13.471321296127428
        ],
        [
            7.639488858348923,
            -8.082493668487693,
            0.577061372747913,
            5.250683523938186
        ]
    ],
    "outputs": [
        0.0,
        0.0,
        0.0,
        0.0
    ],
    "weight_range": 16,
    "bias_range": 16,
    "tc_min": 1,
    "tc_max": 1,
    "inv_time_constants": [
        1.0,
        1.0,
        1.0,
        1.0
    ]
}