{
    "size": 4,
    "voltages": [
        0.0,
        0.0,
        0.0,
        0.0
    ],
    "time_constants": [
        1.0,
        1.0,
        1.0,
        1.0
    ],
    "biases": [
        -8.766222560816459,
        -3.9890163982370055,
        -1.5122014290771304,
        -8.12546591762391
    ],
    "inner_weights": [
        [
            7.31223013106322,
            3.251654795846825,
            14.469781356992439,
            -11.418449672927025
        ],
        [
            9.835492155845273,
            -4.377132911327074,
            -10.030182006741892,
            -7.7071603747856905
        ],
        [
            4.152394963582378,
            -14.958050510754262,
            14.311426341672334,
            12.938183795782603
        ],
        [
            1.6041649798986342,
            -9.69573479549609,
            -8.57494939210476,
            -15.924288798585238
        ]
    ],
    "outputs": [
        0.0,
        0.0,
        0.0,
        0.0
    ],
    "weight_range": 16,
    "bias_range": 16,
    "tc_min": 1,
    "tc_max": 1,
    "inv_time_constants": [
        1.0,
        1.0,
        1.0,
        1.0
    ]
}