{
    "size": 4,
    "voltages": [
        0.0,
        0.0,
        0.0,
        0.0
    ],
    "time_constants": [
        1.0,
        1.0,
        1.0,
        1.0
    ],
    "biases": [
        -7.799041621547836,
        -4.877401115120257,
        -15.698791357408979,
        -4.533318953440968
    ],
    "inner_weights": [
        [
            8.886477138362245,
            -8.398680958882807,
            10.376913045163793,
            14.903974337375992
        ],
        [
            15.123235644956587,
            -1.48962408264601,
            3.489358808360894,
            8.816848467355094
        ],
        [
            4.5316270322902135,
            7.104583344542309,
            -14.878831228754006,
            -6.4496169315462595
        ],
        [
            -14.127600259773608,
            11.425950162790365,
            -4.068671108006161,
            5.755134450499103
        ]
    ],
    "outputs": [
        0.0,
        0.0,
        0.0,
        0.0
    ],
    "weight_range": 16,
    "bias_range": 16,
    "tc_min": 1,
    "tc_max": 1,
    "inv_time_constants": [
        1.0,
        1.0,
        1.0,
        1.0
    ]
}