{
    "size": 4,
    "voltages": [
        0.0,
        0.0,
        0.0,
        0.0
    ],
    "time_constants": [
        1.0,
        1.0,
        1.0,
        1.0
    ],
    "biases": [
        -3.0918063342248203,
        9.577242243647266,
        11.386767038699315,
        6.913834929100343
    ],
    "inner_weights": [
        [
            12.348175982004022,
            9.234610137719187,
            -2.4086997927965577,
            -0.6761713008899406
        ],
        [
            -15.988670088590407,
            11.403745474363287,
            -4.693705813227275,
            -0.42403053741574226
        ],
        [
            -1.8792605989758933,
            14.034577437841172,
            6.965724336189588,
            10.891173260676922
        ],
        [
            -6.67141157969748,
            10.727533516645629,
            -1.6820136906894732,
            -6.743031846082399
        ]
    ],
    "outputs": [
        0.0,
        0.0,
        0.0,
        0.0
    ],
    "weight_range": 16,
    "bias_range": 16,
    "tc_min": 1,
    "tc_max": 1,
    "inv_time_constants": [
        1.0,
        1.0,
        1.0,
        1.0
    ]
}