{
    "size": 4,
    "voltages": [
        0.0,
        0.0,
        0.0,
        0.0
    ],
    "time_constants": [
        1.0,
        1.0,
        1.0,
        1.0
    ],
    "biases": [
        -10.076499577415031,
        -9.897113636700084,
        7.518370012877188,
        -11.969721637324103
    ],
    "inner_weights": [
        [
            13.67937723580668,
            11.917641421094899,
            2.7082007230577005,
            12.965445559161502
        ],
        [
            -5.861357721896336,
            -11.263740770246923,
            11.505091271782621,
            -2.121569063963083
        ],
        [
            -0.2073344881457757,
            -1.5179616880877909,
            -4.379050406802445,
            -7.606890646872735
        ],
        [
            2.9225078896280756,
            -6.079648695845091,
            -14.601451308512928,
            6.660168805522332
        ]
    ],
    "outputs": [
        0.0,
        0.0,
        0.0,
        0.0
    ],
    "weight_range": 16,
    "bias_range": 16,
    "tc_min": 1,
    "tc_max": 1,
    "inv_time_constants": [
        1.0,
        1.0,
        1.0,
        1.0
    ]
}