{
    "size": 4,
    "voltages": [
        0.0,
        0.0,
        0.0,
        0.0
    ],
    "time_constants": [
        1.0,
        1.0,
        1.0,
        1.0
    ],
    "biases": [
        -14.837439087371635,
        -3.2244691842103848,
        7.8989450458423285,
        11.358967928365455
    ],
    "inner_weights": [
        [
            -9.130019551461547,
            13.104075882933234,
            10.151531941230619,
            12.924175191523435
        ],
        [
            6.620136639181695,
            -12.221561557091697,
            -13.043173917579065,
            1.983167946005743
        ],
        [
            2.285182885957628,
            -14.753377133611398,
            -5.550481097799185,
            -6.693818112028389
        ],
        [
            0.33802167534358674,
            -6.276901883595269,
            -6.280192485178823,
            -11.418490822949845
        ]
    ],
    "outputs": [
        0.0,
        0.0,
        0.0,
        0.0
    ],
    "weight_range": 16,
    "bias_range": 16,
    "tc_min": 1,
    "tc_max": 1,
    "inv_time_constants": [
        1.0,
        1.0,
        1.0,
        1.0
    ]
}