{
    "size": 4,
    "voltages": [
        0.0,
        0.0,
        0.0,
        0.0
    ],
    "time_constants": [
        1.0,
        1.0,
        1.0,
        1.0
    ],
    "biases": [
        -7.768230019384603,
        -15.644348309655939,
        -2.89316768420969,
        -2.807857551169036
    ],
    "inner_weights": [
        [
            1.467245757919315,
            11.483411538923487,
            5.948562770130533,
            -5.389061727570105
        ],
        [
            -14.080066254060227,
            -3.639111006633314,
            -9.179204522100619,
            13.840212802603524
        ],
        [
            7.130185563387588,
            -14.499350186611853,
            10.28194718030393,
            2.939823977307576
        ],
        [
            -7.933711731544335,
            -5.917545907526062,
            -9.989183287707277,
            -4.789762974494106
        ]
    ],
    "outputs": [
        0.0,
        0.0,
        0.0,
        0.0
    ],
    "weight_range": 16,
    "bias_range": 16,
    "tc_min": 1,
    "tc_max": 1,
    "inv_time_constants": [
        1.0,
        1.0,
        1.0,
        1.0
    ]
}