{
    "size": 4,
    "voltages": [
        0.0,
        0.0,
        0.0,
        0.0
    ],
    "time_constants": [
        1.0,
        1.0,
        1.0,
        1.0
    ],
    "biases": [
        -5.646454526849126,
        -6.649543721276665,
        -1.7468639061275617,
        -14.071206219886847
    ],
    "inner_weights": [
        [
            5.623405296113674,
            -14.569210169505727,
            -5.014282478637046,
            4.608631264634589
        ],
        [
            -6.905184040310736,
            14.378809812800164,
            -10.954554599239554,
            -3.5848652024716046
        ],
        [
            2.87979764711406,
            -0.3905346779891019,
            -10.42101164722812,
            -9.018158042137259
        ],
        [
            4.695857414561875,
            -8.005394907445293,
            -2.8720644447485952,
            -14.472774944114267
        ]
    ],
    "outputs": [
        0.0,
        0.0,
        0.0,
        0.0
    ],
    "weight_range": 16,
    "bias_range": 16,
    "tc_min": 1,
    "tc_max": 1,
    "inv_time_constants": [
        1.0,
        1.0,
        1.0,
        1.0
    ]
}