{
    "size": 4,
    "voltages": [
        0.0,
        0.0,
        0.0,
        0.0
    ],
    "time_constants": [
        1.0,
        1.0,
        1.0,
        1.0
    ],
    "biases": [
        6.940162327698911,
        -13.917544912018176,
        -2.43693638386765,
        9.75614689879319
    ],
    "inner_weights": [
        [
            -9.529526610232278,
            9.105523331537949,
            11.537191655584998,
            -5.53327356539409
        ],
        [
            -8.03646476528533,
            9.931638919887277,
            6.829913256232409,
            5.1625092281031755
        ],
        [
            6.735720224946132,
            -12.387171994556244,
            11.83910411059432,
            -0.7543098442895797
        ],
        [
            -13.431331810002586,
            -11.239345218471986,
            -5.631223881200356,
            -15.78376368571461
        ]
    ],
    "outputs": [
        0.0,
        0.0,
        0.0,
        0.0
    ],
    "weight_range": 16,
    "bias_range": 16,
    "tc_min": 1,
    "tc_max": 1,
    "inv_time_constants": [
        1.0,
        1.0,
        1.0,
        1.0
    ]
}