{
    "size": 4,
    "voltages": [
        0.0,
        0.0,
        0.0,
        0.0
    ],
    "time_constants": [
        1.0,
        1.0,
        1.0,
        1.0
    ],
    "biases": [
        -7.616909874854752,
        12.042871051849662,
        13.410413783908162,
        -12.640867043623572
    ],
    "inner_weights": [
        [
            4.566077305154529,
            1.2358697910063015,
            0.38073543867616166,
            3.528231267615883
        ],
        [
            -0.2243525244418656,
            -9.137216070674075,
            -8.192639382797402,
            2.3070248313087163
        ],
        [
            8.724117239201895,
            -6.059905539259336,
            -3.0693384194379547,
            3.0976015308560534
        ],
        [
            -8.274087459884253,
            12.98303492588494,
            -10.905221279713267,
            2.8372376217452597
        ]
    ],
    "outputs": [
        0.0,
        0.0,
        0.0,
        0.0
    ],
    "weight_range": 16,
    "bias_range": 16,
    "tc_min": 1,
    "tc_max": 1,
    "inv_time_constants": [
        1.0,
        1.0,
        1.0,
        1.0
    ]
}