{
    "size": 3,
    "voltages": [
        0.0,
        0.0,
        0.0
    ],
    "time_constants": [
        1.0,
        1.0,
        1.0
    ],
    "biases": [
        -3.4037947716769894,
        -1.9352499466634798,
        2.2463456485276407
    ],
    "inner_weights": [
        [
            6.3524731860449375,
            -16.0,
            11.953870995581504
        ],
        [
            16.0,
            4.172815665433282,
            -16.0
        ],
        [
            -16.0,
            15.671080351457233,
            0.49174639801529213
        ]
    ],
    "outputs": [
        0.0,
        0.0,
        0.0
    ],
    "inputs": [
        0.0,
        0.0,
        0.0
    ],
    "weight_range": 16,
    "bias_range": 16,
    "tc_min": 1,
    "tc_max": 1,
    "sensors": null,
    "motors": null,
    "inv_time_constants": [
        1.0,
        1.0,
        1.0
    ]
}