{
    "size": 4,
    "voltages": [
        0.0,
        0.0,
        0.0,
        0.0
    ],
    "time_constants": [
        1.0,
        1.0,
        1.0,
        1.0
    ],
    "biases": [
        4.761035020563195,
        -6.006923822177777,
        3.86078108444591,
        -3.548378900222564
    ],
    "inner_weights": [
        [
            5.848374645090543,
            -16.0,
            16.0,
            9.638403375529613
        ],
        [
            14.091833302025808,
            2.2119039121437947,
            -16.0,
            -16.0
        ],
        [
            -16.0,
            14.785622534280897,
            2.932615233815727,
            14.406142142878695
        ],
        [
            -16.0,
            15.197077298028113,
            -13.557667270227729,
            -2.379381322777889
        ]
    ],
    "outputs": [
        0.0,
        0.0,
        0.0,
        0.0
    ],
    "inputs": [
        0.0,
        0.0,
        0.0,
        0.0
    ],
    "weight_range": 16,
    "bias_range": 16,
    "tc_min": 1,
    "tc_max": 1,
    "sensors": null,
    "motors": null,
    "inv_time_constants": [
        1.0,
        1.0,
        1.0,
        1.0
    ]
}