{
    "size": 3,
    "voltages": [
        0.0,
        0.0,
        0.0
    ],
    "time_constants": [
        1.0,
        1.0,
        1.0
    ],
    "biases": [
        -3.7298713975751134,
        9.335201218645267,
        0.9246374320929434
    ],
    "inner_weights": [
        [
            1.562032125674392,
            6.886059723917423,
            3.288428034292604
        ],
        [
            1.4362618559006997,
            -2.4430464211550493,
            4.668611618132996
        ],
        [
            -1.9972092395938397,
            12.536736025026553,
            14.837208336032937
        ]
    ],
    "outputs": [
        0.0,
        0.0,
        0.0
    ],
    "weight_range": 16,
    "bias_range": 16,
    "tc_min": 1,
    "tc_max": 1,
    "inv_time_constants": [
        1.0,
        1.0,
        1.0
    ]
}