{
    "size": 3,
    "voltages": [
        0.0,
        0.0,
        0.0
    ],
    "time_constants": [
        1.0,
        1.0,
        1.0
    ],
    "biases": [
        9.982429457237973,
        -15.66314002188453,
        1.9585182932159917
    ],
    "inner_weights": [
        [
            -9.329262804517036,
            -0.5862060235722915,
            -2.542782869940009
        ],
        [
            11.493823952683012,
            -10.522830284426455,
            -5.156353260681588
        ],
        [
            -7.342949334469402,
            6.113323214387076,
            -8.94705546759278
        ]
    ],
    "outputs": [
        0.0,
        0.0,
        0.0
    ],
    "weight_range": 16,
    "bias_range": 16,
    "tc_min": 1,
    "tc_max": 1,
    "inv_time_constants": [
        1.0,
        1.0,
        1.0
    ]
}