{
    "size": 3,
    "voltages": [
        0.0,
        0.0,
        0.0
    ],
    "time_constants": [
        1.0,
        1.0,
        1.0
    ],
    "biases": [
        -0.6914625343231222,
        1.7714071623145742,
        1.388352561361291
    ],
    "inner_weights": [
        [
            11.94974088933812,
            14.993301210269824,
            11.814225286845438
        ],
        [
            0.9873821297791672,
            -8.552693504726697,
            -15.635238263122243
        ],
        [
            -2.2249978146403038,
            -3.1247564788043256,
            0.7255894832822278
        ]
    ],
    "outputs": [
        0.0,
        0.0,
        0.0
    ],
    "weight_range": 16,
    "bias_range": 16,
    "tc_min": 1,
    "tc_max": 1,
    "inv_time_constants": [
        1.0,
        1.0,
        1.0
    ]
}