{
    "size": 3,
    "voltages": [
        0.0,
        0.0,
        0.0
    ],
    "time_constants": [
        1.0,
        1.0,
        1.0
    ],
    "biases": [
        4.341143513499283,
        -9.09045580649023,
        1.5688778266969479
    ],
    "inner_weights": [
        [
            -12.87892474401755,
            8.359990933595402,
            -8.097984858677535
        ],
        [
            -11.579786000757775,
            -5.393709975330193,
            -13.344013919779428
        ],
        [
            5.503266600974932,
            9.811001541173042,
            15.447741265414848
        ]
    ],
    "outputs": [
        0.0,
        0.0,
        0.0
    ],
    "weight_range": 16,
    "bias_range": 16,
    "tc_min": 1,
    "tc_max": 1,
    "inv_time_constants": [
        1.0,
        1.0,
        1.0
    ]
}