{
    "size": 3,
    "voltages": [
        0.0,
        0.0,
        0.0
    ],
    "time_constants": [
        1.0,
        1.0,
        1.0
    ],
    "biases": [
        5.727065085143774,
        9.49495739480777,
        -14.534330799272542
    ],
    "inner_weights": [
        [
            -1.3422416568291027,
            -6.132812577122827,
            -8.592414558862007
        ],
        [
            -7.122414343803971,
            10.151513980885436,
            -12.436907645040058
        ],
        [
            4.045991326536079,
            -7.142787627631542,
            5.82958957403185
        ]
    ],
    "outputs": [
        0.0,
        0.0,
        0.0
    ],
    "weight_range": 16,
    "bias_range": 16,
    "tc_min": 1,
    "tc_max": 1,
    "inv_time_constants": [
        1.0,
        1.0,
        1.0
    ]
}