{
    "size": 3,
    "voltages": [
        0.0,
        0.0,
        0.0
    ],
    "time_constants": [
        1.0,
        1.0,
        1.0
    ],
    "biases": [
        6.330549024054722,
        7.449062590452925,
        9.211969871926733
    ],
    "inner_weights": [
        [
            -6.520026826482127,
            9.890166901546454,
            -4.791919192850834
        ],
        [
            9.261096205788562,
            1.9631672246583207,
            -7.885153464955739
        ],
        [
            -12.64073332207651,
            -14.129256665699849,
            5.545356184635015
        ]
    ],
    "outputs": [
        0.0,
        0.0,
        0.0
    ],
    "weight_range": 16,
    "bias_range": 16,
    "tc_min": 1,
    "tc_max": 1,
    "inv_time_constants": [
        1.0,
        1.0,
        1.0
    ]
}