{
    "size": 3,
    "voltages": [
        0.0,
        0.0,
        0.0
    ],
    "time_constants": [
        1.0,
        1.0,
        1.0
    ],
    "biases": [
        6.724735786466351,
        14.736839206581354,
        -1.3881245139540077
    ],
    "inner_weights": [
        [
            10.714948757300782,
            -12.646524660164168,
            7.8284954137445695
        ],
        [
            -4.463973239798857,
            -4.502053190141698,
            3.495628179780855
        ],
        [
            -3.3990543651759566,
            -2.909676484451243,
            0.31687710686740544
        ]
    ],
    "outputs": [
        0.0,
        0.0,
        0.0
    ],
    "weight_range": 16,
    "bias_range": 16,
    "tc_min": 1,
    "tc_max": 1,
    "inv_time_constants": [
        1.0,
        1.0,
        1.0
    ]
}