{
    "size": 3,
    "voltages": [
        0.0,
        0.0,
        0.0
    ],
    "time_constants": [
        1.0,
        1.0,
        1.0
    ],
    "biases": [
        5.959732651726636,
        15.390043622009763,
        3.2261149509092206
    ],
    "inner_weights": [
        [
            -2.9540151014308442,
            -14.228286716420477,
            9.233116079576085
        ],
        [
            -6.8062340867409326,
            -1.5887812170473232,
            -6.274806229095503
        ],
        [
            0.8447847775086537,
            3.961990812309974,
            8.856814647198636
        ]
    ],
    "outputs": [
        0.0,
        0.0,
        0.0
    ],
    "weight_range": 16,
    "bias_range": 16,
    "tc_min": 1,
    "tc_max": 1,
    "inv_time_constants": [
        1.0,
        1.0,
        1.0
    ]
}