{
    "size": 3,
    "voltages": [
        0.0,
        0.0,
        0.0
    ],
    "time_constants": [
        1.0,
        1.0,
        1.0
    ],
    "biases": [
        7.479945480969054,
        -3.3615994102078126,
        9.665507796117328
    ],
    "inner_weights": [
        [
            -12.318253875527073,
            3.490129256943405,
            -11.731489146048375
        ],
        [
            -8.30113216110884,
            -5.531550214043527,
            11.492399710355127
        ],
        [
            5.314886819136824,
            1.3171907930689208,
            -15.071557618420467
        ]
    ],
    "outputs": [
        0.0,
        0.0,
        0.0
    ],
    "weight_range": 16,
    "bias_range": 16,
    "tc_min": 1,
    "tc_max": 1,
    "inv_time_constants": [
        1.0,
        1.0,
        1.0
    ]
}