{
    "size": 3,
    "voltages": [
        0.0,
        0.0,
        0.0
    ],
    "time_constants": [
        1.0,
        1.0,
        1.0
    ],
    "biases": [
        -4.944043518387197,
        -10.663156910965714,
        12.11389073704509
    ],
    "inner_weights": [
        [
            -15.668027075657601,
            0.05998694875964006,
            -0.13525461970732522
        ],
        [
            -11.71745507330315,
            -11.452445265454767,
            -9.006122379965497
        ],
        [
            -2.607738223665521,
            -8.060762610766108,
            -13.310091162708797
        ]
    ],
    "outputs": [
        0.0,
        0.0,
        0.0
    ],
    "weight_range": 16,
    "bias_range": 16,
    "tc_min": 1,
    "tc_max": 1,
    "inv_time_constants": [
        1.0,
        1.0,
        1.0
    ]
}