{
    "size": 3,
    "voltages": [
        0.0,
        0.0,
        0.0
    ],
    "time_constants": [
        1.0,
        1.0,
        1.0
    ],
    "biases": [
        15.191679825498941,
        0.2677472229440525,
        14.671723284658473
    ],
    "inner_weights": [
        [
            -8.678288398179163,
            -9.897983404026146,
            12.363509471436757
        ],
        [
            7.005628658861006,
            1.0554682698925504,
            11.82278720013166
        ],
        [
            7.175605644779125,
            -0.5732162835467349,
            8.194470297239356
        ]
    ],
    "outputs": [
        0.0,
        0.0,
        0.0
    ],
    "weight_range": 16,
    "bias_range": 16,
    "tc_min": 1,
    "tc_max": 1,
    "inv_time_constants": [
        1.0,
        1.0,
        1.0
    ]
}