{
    "size": 3,
    "voltages": [
        0.0,
        0.0,
        0.0
    ],
    "time_constants": [
        1.0,
        1.0,
        1.0
    ],
    "biases": [
        7.856174511966206,
        -8.460857770143821,
        -2.6767843042373585
    ],
    "inner_weights": [
        [
            3.403338808847213,
            5.040370195770102,
            -6.168287701005763
        ],
        [
            14.784111524826955,
            1.149405034601397,
            5.108310108372372
        ],
        [
            15.980048922344686,
            8.031485661830118,
            1.2327105174229516
        ]
    ],
    "outputs": [
        0.0,
        0.0,
        0.0
    ],
    "weight_range": 16,
    "bias_range": 16,
    "tc_min": 1,
    "tc_max": 1,
    "inv_time_constants": [
        1.0,
        1.0,
        1.0
    ]
}