{
    "size": 3,
    "voltages": [
        0.0,
        0.0,
        0.0
    ],
    "time_constants": [
        1.0,
        1.0,
        1.0
    ],
    "biases": [
        -11.710399952721136,
        3.6804677397690178,
        2.9755858433197133
    ],
    "inner_weights": [
        [
            -7.192778566357195,
            4.455384349608629,
            3.964774794732154
        ],
        [
            8.897353834093309,
            -0.7003670559839996,
            14.692284335641826
        ],
        [
            15.917894614703503,
            10.640424846839512,
            -9.476958336486582
        ]
    ],
    "outputs": [
        0.0,
        0.0,
        0.0
    ],
    "weight_range": 16,
    "bias_range": 16,
    "tc_min": 1,
    "tc_max": 1,
    "inv_time_constants": [
        1.0,
        1.0,
        1.0
    ]
}