{
    "size": 3,
    "voltages": [
        0.0,
        0.0,
        0.0
    ],
    "time_constants": [
        1.0,
        1.0,
        1.0
    ],
    "biases": [
        -3.3208953088185957,
        7.000011909918701,
        1.5389439023964968
    ],
    "inner_weights": [
        [
            -3.868847186119357,
            2.147141349747649,
            3.0589604050279
        ],
        [
            -1.6045152366255166,
            -1.3753655873690036,
            -6.027168067987343
        ],
        [
            -5.973204441677748,
            -6.564497247949426,
            0.9847187595400442
        ]
    ],
    "outputs": [
        0.0,
        0.0,
        0.0
    ],
    "weight_range": 16,
    "bias_range": 16,
    "tc_min": 1,
    "tc_max": 1,
    "inv_time_constants": [
        1.0,
        1.0,
        1.0
    ]
}