{
    "size": 3,
    "voltages": [
        0.0,
        0.0,
        0.0
    ],
    "time_constants": [
        1.0,
        1.0,
        1.0
    ],
    "biases": [
        8.549121453718303,
        -14.354281315715703,
        8.822929236605884
    ],
    "inner_weights": [
        [
            -13.020534826500544,
            15.0929894396732,
            -0.5164806251633252
        ],
        [
            -8.239273552061949,
            0.9959625538321006,
            -6.862584465126439
        ],
        [
            11.604172065652467,
            -14.684795089252042,
            -12.532872513576947
        ]
    ],
    "outputs": [
        0.0,
        0.0,
        0.0
    ],
    "weight_range": 16,
    "bias_range": 16,
    "tc_min": 1,
    "tc_max": 1,
    "inv_time_constants": [
        1.0,
        1.0,
        1.0
    ]
}