{
    "size": 3,
    "voltages": [
        0.0,
        0.0,
        0.0
    ],
    "time_constants": [
        1.0,
        1.0,
        1.0
    ],
    "biases": [
        13.852672738152162,
        10.950684771155942,
        9.598687501074597
    ],
    "inner_weights": [
        [
            -7.700112961649811,
            -14.612446362819192,
            2.624970948051338
        ],
        [
            -12.399610630044116,
            3.5448570399088126,
            -6.515585334536734
        ],
        [
            9.83207018915806,
            -12.965192482680969,
            6.403211961458219
        ]
    ],
    "outputs": [
        0.0,
        0.0,
        0.0
    ],
    "weight_range": 16,
    "bias_range": 16,
    "tc_min": 1,
    "tc_max": 1,
    "inv_time_constants": [
        1.0,
        1.0,
        1.0
    ]
}