{
    "size": 3,
    "voltages": [
        0.0,
        0.0,
        0.0
    ],
    "time_constants": [
        1.0,
        1.0,
        1.0
    ],
    "biases": [
        -4.253429708181635,
        -3.124296677945509,
        -12.382697577779318
    ],
    "inner_weights": [
        [
            11.84397237207078,
            2.6328617175219122,
            -7.07715389756579
        ],
        [
            -10.050840573114264,
            -2.844795906396378,
            -12.243982491689103
        ],
        [
            5.918999819972321,
            -1.9964460908911867,
            1.7993384055030468
        ]
    ],
    "outputs": [
        0.0,
        0.0,
        0.0
    ],
    "weight_range": 16,
    "bias_range": 16,
    "tc_min": 1,
    "tc_max": 1,
    "inv_time_constants": [
        1.0,
        1.0,
        1.0
    ]
}