{
    "size": 3,
    "voltages": [
        0.0,
        0.0,
        0.0
    ],
    "time_constants": [
        1.0,
        1.0,
        1.0
    ],
    "biases": [
        11.22544286005692,
        7.358863047066194,
        -12.520445700192802
    ],
    "inner_weights": [
        [
            -10.231369955943386,
            -15.376792272396013,
            -1.1770071520529726
        ],
        [
            7.197885734148731,
            -2.553484653192722,
            -0.4663328586309632
        ],
        [
            -15.591013933100523,
            -0.40410856576410836,
            14.137812874987716
        ]
    ],
    "outputs": [
        0.0,
        0.0,
        0.0
    ],
    "weight_range": 16,
    "bias_range": 16,
    "tc_min": 1,
    "tc_max": 1,
    "inv_time_constants": [
        1.0,
        1.0,
        1.0
    ]
}