{
    "size": 3,
    "voltages": [
        0.0,
        0.0,
        0.0
    ],
    "time_constants": [
        1.0,
        1.0,
        1.0
    ],
    "biases": [
        4.755865586643246,
        4.088071757109848,
        -2.848818868438329
    ],
    "inner_weights": [
        [
            13.56912369838161,
            -10.948141422886657,
            11.741282458105513
        ],
        [
            -13.306977892433338,
            2.3543578860040846,
            -6.977927460386791
        ],
        [
            -7.799022150079825,
            2.047373182666032,
            -8.965652741802366
        ]
    ],
    "outputs": [
        0.0,
        0.0,
        0.0
    ],
    "weight_range": 16,
    "bias_range": 16,
    "tc_min": 1,
    "tc_max": 1,
    "inv_time_constants": [
        1.0,
        1.0,
        1.0
    ]
}