{
    "size": 3,
    "voltages": [
        0.0,
        0.0,
        0.0
    ],
    "time_constants": [
        1.0,
        1.0,
        1.0
    ],
    "biases": [
        -1.894085003179633,
        -15.043961251885857,
        -1.3813368193692455
    ],
    "inner_weights": [
        [
            1.6255328823864161,
            6.6607303237793545,
            -6.6910483547857815
        ],
        [
            0.3464833663252165,
            12.57430253912495,
            12.681378845870018
        ],
        [
            -11.98127006515724,
            -9.368227899578024,
            -14.353049494373444
        ]
    ],
    "outputs": [
        0.0,
        0.0,
        0.0
    ],
    "weight_range": 16,
    "bias_range": 16,
    "tc_min": 1,
    "tc_max": 1,
    "inv_time_constants": [
        1.0,
        1.0,
        1.0
    ]
}