{
    "size": 3,
    "voltages": [
        0.0,
        0.0,
        0.0
    ],
    "time_constants": [
        1.0,
        1.0,
        1.0
    ],
    "biases": [
        -15.050975717602459,
        -3.4700150406293915,
        -3.0465907521076865
    ],
    "inner_weights": [
        [
            -2.5541450514952366,
            -4.37633609711726,
            -10.083945991633545
        ],
        [
            0.5850473013592392,
            -15.724625535719383,
            15.005958615023559
        ],
        [
            9.64420019252675,
            8.233983635476942,
            5.487497658938366
        ]
    ],
    "outputs": [
        0.0,
        0.0,
        0.0
    ],
    "weight_range": 16,
    "bias_range": 16,
    "tc_min": 1,
    "tc_max": 1,
    "inv_time_constants": [
        1.0,
        1.0,
        1.0
    ]
}