{
    "size": 3,
    "voltages": [
        0.0,
        0.0,
        0.0
    ],
    "time_constants": [
        1.0,
        1.0,
        1.0
    ],
    "biases": [
        -4.5704961654403355,
        -12.406015187433287,
        -11.459291044854492
    ],
    "inner_weights": [
        [
            -15.440311330203116,
            12.53034454976827,
            -6.884442640834614
        ],
        [
            -6.432755921313348,
            9.34509634097374,
            -5.616940880696678
        ],
        [
            11.670732374088267,
            -1.6795957691560268,
            1.5433570032030133
        ]
    ],
    "outputs": [
        0.0,
        0.0,
        0.0
    ],
    "weight_range": 16,
    "bias_range": 16,
    "tc_min": 1,
    "tc_max": 1,
    "inv_time_constants": [
        1.0,
        1.0,
        1.0
    ]
}