{
    "size": 3,
    "voltages": [
        0.0,
        0.0,
        0.0
    ],
    "time_constants": [
        1.0,
        1.0,
        1.0
    ],
    "biases": [
        4.0768505083547915,
        15.753162907745235,
        -13.564120182966136
    ],
    "inner_weights": [
        [
            -9.567884924224835,
            -5.471345072250177,
            -6.512009961565692
        ],
        [
            -13.013322608615429,
            -5.3414780000741295,
            7.20712769958255
        ],
        [
            4.875607805445977,
            0.15520304437984578,
            14.314581939351292
        ]
    ],
    "outputs": [
        0.0,
        0.0,
        0.0
    ],
    "weight_range": 16,
    "bias_range": 16,
    "tc_min": 1,
    "tc_max": 1,
    "inv_time_constants": [
        1.0,
        1.0,
        1.0
    ]
}