{
    "size": 3,
    "voltages": [
        0.0,
        0.0,
        0.0
    ],
    "time_constants": [
        1.0,
        1.0,
        1.0
    ],
    "biases": [
        -4.549964656526434,
        14.261861978189042,
        -14.078570229907669
    ],
    "inner_weights": [
        [
            -6.570719914012489,
            0.9787761793694116,
            -9.871334817680165
        ],
        [
            -13.827188537878676,
            9.183534719997226,
            5.002672696827375
        ],
        [
            4.400668673396346,
            2.419292600097087,
            -14.749986681956273
        ]
    ],
    "outputs": [
        0.0,
        0.0,
        0.0
    ],
    "weight_range": 16,
    "bias_range": 16,
    "tc_min": 1,
    "tc_max": 1,
    "inv_time_constants": [
        1.0,
        1.0,
        1.0
    ]
}