{
    "size": 3,
    "voltages": [
        0.0,
        0.0,
        0.0
    ],
    "time_constants": [
        1.0,
        1.0,
        1.0
    ],
    "biases": [
        1.2421354881074222,
        -2.5857755390945663,
        5.927024012696304
    ],
    "inner_weights": [
        [
            -2.655295849517632,
            7.050383790149059,
            -15.996340005844964
        ],
        [
            -6.325357675781127,
            -11.303811493852383,
            -13.04516496739847
        ],
        [
            -10.039673235914531,
            -4.942056734622472,
            -3.303440824618562
        ]
    ],
    "outputs": [
        0.0,
        0.0,
        0.0
    ],
    "weight_range": 16,
    "bias_range": 16,
    "tc_min": 1,
    "tc_max": 1,
    "inv_time_constants": [
        1.0,
        1.0,
        1.0
    ]
}