{
    "size": 3,
    "voltages": [
        0.0,
        0.0,
        0.0
    ],
    "time_constants": [
        1.0,
        1.0,
        1.0
    ],
    "biases": [
        3.920621830274886,
        -1.9794743645160295,
        7.548227403158087
    ],
    "inner_weights": [
        [
            12.571524845952052,
            -5.376646230362329,
            10.279331937850618
        ],
        [
            -14.665707976792003,
            -12.554986242049026,
            3.0416660545996876
        ],
        [
            0.9541555901702914,
            -2.598162286187062,
            -5.266948823253465
        ]
    ],
    "outputs": [
        0.0,
        0.0,
        0.0
    ],
    "weight_range": 16,
    "bias_range": 16,
    "tc_min": 1,
    "tc_max": 1,
    "inv_time_constants": [
        1.0,
        1.0,
        1.0
    ]
}