{
    "size": 3,
    "voltages": [
        0.0,
        0.0,
        0.0
    ],
    "time_constants": [
        1.0,
        1.0,
        1.0
    ],
    "biases": [
        -0.42391365986921414,
        -7.988747615514285,
        10.957404232123437
    ],
    "inner_weights": [
        [
            -9.516577483875505,
            -9.37302067004886,
            -11.11559221439213
        ],
        [
            8.146969968816734,
            -8.722343496444093,
            5.25062284910171
        ],
        [
            2.854970393613101,
            -2.5072889347192273,
            11.39276403483267
        ]
    ],
    "outputs": [
        0.0,
        0.0,
        0.0
    ],
    "weight_range": 16,
    "bias_range": 16,
    "tc_min": 1,
    "tc_max": 1,
    "inv_time_constants": [
        1.0,
        1.0,
        1.0
    ]
}