{
    "size": 3,
    "voltages": [
        0.0,
        0.0,
        0.0
    ],
    "time_constants": [
        1.0,
        1.0,
        1.0
    ],
    "biases": [
        -0.42917995038310863,
        14.88085823571053,
        -3.4112403481077322
    ],
    "inner_weights": [
        [
            -8.047675921992642,
            -1.600786526374545,
            -2.8498943041106948
        ],
        [
            -7.6704098916192045,
            11.852662027102383,
            -10.07872233081904
        ],
        [
            -15.370834386238592,
            14.504065008118786,
            5.774425751393256
        ]
    ],
    "outputs": [
        0.0,
        0.0,
        0.0
    ],
    "weight_range": 16,
    "bias_range": 16,
    "tc_min": 1,
    "tc_max": 1,
    "inv_time_constants": [
        1.0,
        1.0,
        1.0
    ]
}