{
    "size": 3,
    "voltages": [
        0.0,
        0.0,
        0.0
    ],
    "time_constants": [
        1.0,
        1.0,
        1.0
    ],
    "biases": [
        -11.609301716605554,
        -6.917492705345733,
        3.394661899482525
    ],
    "inner_weights": [
        [
            -11.066789043850484,
            7.681590288492952,
            -7.5739195140756905
        ],
        [
            1.0796605881695278,
            -15.53360120046657,
            13.399904259196319
        ],
        [
            12.822875331744392,
            -14.930514315956973,
            14.622378760803738
        ]
    ],
    "outputs": [
        0.0,
        0.0,
        0.0
    ],
    "weight_range": 16,
    "bias_range": 16,
    "tc_min": 1,
    "tc_max": 1,
    "inv_time_constants": [
        1.0,
        1.0,
        1.0
    ]
}