{
    "size": 3,
    "voltages": [
        0.0,
        0.0,
        0.0
    ],
    "time_constants": [
        1.0,
        1.0,
        1.0
    ],
    "biases": [
        -11.807395415267422,
        -6.705595986521253,
        -0.15020496782267756
    ],
    "inner_weights": [
        [
            -14.526688203792464,
            -4.152245884300825,
            -8.245815440275049
        ],
        [
            4.11136016142672,
            15.683521920861335,
            -11.82118242373419
        ],
        [
            -10.445146772907226,
            -7.733950154890248,
            -2.6112330661562204
        ]
    ],
    "outputs": [
        0.0,
        0.0,
        0.0
    ],
    "weight_range": 16,
    "bias_range": 16,
    "tc_min": 1,
    "tc_max": 1,
    "inv_time_constants": [
        1.0,
        1.0,
        1.0
    ]
}