{
    "size": 3,
    "voltages": [
        0.0,
        0.0,
        0.0
    ],
    "time_constants": [
        1.0,
        1.0,
        1.0
    ],
    "biases": [
        -1.0304044057247985,
        -13.210367884513339,
        10.531054152887851
    ],
    "inner_weights": [
        [
            -11.062797499799174,
            -11.72161405759789,
            -4.394065082339598
        ],
        [
            5.731484014260207,
            -9.777598165316235,
            -7.961267728416207
        ],
        [
            8.26932452913941,
            1.8437948659952887,
            0.47369337261875444
        ]
    ],
    "outputs": [
        0.0,
        0.0,
        0.0
    ],
    "weight_range": 16,
    "bias_range": 16,
    "tc_min": 1,
    "tc_max": 1,
    "inv_time_constants": [
        1.0,
        1.0,
        1.0
    ]
}