{
    "size": 3,
    "voltages": [
        0.0,
        0.0,
        0.0
    ],
    "time_constants": [
        1.0,
        1.0,
        1.0
    ],
    "biases": [
        0.021723925661888188,
        -2.171289754132779,
        14.293629500317085
    ],
    "inner_weights": [
        [
            -12.584377527830057,
            5.898964264917996,
            1.1188037565147901
        ],
        [
            -4.186013544001117,
            -2.796331400754081,
            2.8111192328057797
        ],
        [
            6.914361225343875,
            -10.453310759219203,
            -13.864246608951337
        ]
    ],
    "outputs": [
        0.0,
        0.0,
        0.0
    ],
    "weight_range": 16,
    "bias_range": 16,
    "tc_min": 1,
    "tc_max": 1,
    "inv_time_constants": [
        1.0,
        1.0,
        1.0
    ]
}