{
    "size": 3,
    "voltages": [
        0.0,
        0.0,
        0.0
    ],
    "time_constants": [
        1.0,
        1.0,
        1.0
    ],
    "biases": [
        -15.094210391280061,
        4.343011694752054,
        11.113996399572038
    ],
    "inner_weights": [
        [
            4.811975735666934,
            0.17450795951497255,
            12.115247069489662
        ],
        [
            -10.181112788110898,
            11.271458197587108,
            8.004361155392342
        ],
        [
            5.315253359530324,
            15.61265434483079,
            -7.777010476677436
        ]
    ],
    "outputs": [
        0.0,
        0.0,
        0.0
    ],
    "weight_range": 16,
    "bias_range": 16,
    "tc_min": 1,
    "tc_max": 1,
    "inv_time_constants": [
        1.0,
        1.0,
        1.0
    ]
}