{
    "size": 3,
    "voltages": [
        0.0,
        0.0,
        0.0
    ],
    "time_constants": [
        1.0,
        1.0,
        1.0
    ],
    "biases": [
        -6.079700842069375,
        -4.910681453993686,
        -4.743525840110003
    ],
    "inner_weights": [
        [
            -0.17274734278331394,
            -8.701340657621241,
            -7.824834439769237
        ],
        [
            -3.3174428888711383,
            -3.925916873884031,
            15.890375364948778
        ],
        [
            -2.937689589337694,
            8.700607834870834,
            8.337174016284298
        ]
    ],
    "outputs": [
        0.0,
        0.0,
        0.0
    ],
    "weight_range": 16,
    "bias_range": 16,
    "tc_min": 1,
    "tc_max": 1,
    "inv_time_constants": [
        1.0,
        1.0,
        1.0
    ]
}