{
    "size": 3,
    "voltages": [
        0.0,
        0.0,
        0.0
    ],
    "time_constants": [
        1.0,
        1.0,
        1.0
    ],
    "biases": [
        -15.781576542603034,
        8.633376902078073,
        7.896547231817589
    ],
    "inner_weights": [
        [
            5.512913876185337,
            -0.3814912243013211,
            10.415845569148683
        ],
        [
            -14.99371559595846,
            9.857598827675126,
            2.0997574275369786
        ],
        [
            -6.476080041473793,
            -14.505736943777496,
            15.700076783065477
        ]
    ],
    "outputs": [
        0.0,
        0.0,
        0.0
    ],
    "weight_range": 16,
    "bias_range": 16,
    "tc_min": 1,
    "tc_max": 1,
    "inv_time_constants": [
        1.0,
        1.0,
        1.0
    ]
}