{
    "size": 3,
    "voltages": [
        0.0,
        0.0,
        0.0
    ],
    "time_constants": [
        1.0,
        1.0,
        1.0
    ],
    "biases": [
        -2.0866709630577347,
        8.940253497400079,
        -9.674077612791901
    ],
    "inner_weights": [
        [
            14.944954848437654,
            1.5114319736231145,
            15.125899518876299
        ],
        [
            6.874111797579669,
            6.327322387112666,
            -9.085136141427956
        ],
        [
            15.240782552839736,
            -15.800631833453124,
            -7.904564403729793
        ]
    ],
    "outputs": [
        0.0,
        0.0,
        0.0
    ],
    "weight_range": 16,
    "bias_range": 16,
    "tc_min": 1,
    "tc_max": 1,
    "inv_time_constants": [
        1.0,
        1.0,
        1.0
    ]
}