{
    "size": 3,
    "voltages": [
        0.0,
        0.0,
        0.0
    ],
    "time_constants": [
        1.0,
        1.0,
        1.0
    ],
    "biases": [
        5.2205862121517725,
        12.377646767741986,
        11.456406788337478
    ],
    "inner_weights": [
        [
            -2.376914863395335,
            10.066679695825684,
            7.532713286389747
        ],
        [
            11.776102396151543,
            -3.7318152680761543,
            15.34261222862466
        ],
        [
            12.58221909488433,
            -9.289114567859986,
            7.7384847172077045
        ]
    ],
    "outputs": [
        0.0,
        0.0,
        0.0
    ],
    "weight_range": 16,
    "bias_range": 16,
    "tc_min": 1,
    "tc_max": 1,
    "inv_time_constants": [
        1.0,
        1.0,
        1.0
    ]
}