{
    "size": 3,
    "voltages": [
        0.0,
        0.0,
        0.0
    ],
    "time_constants": [
        1.0,
        1.0,
        1.0
    ],
    "biases": [
        6.658322489473456,
        -15.341296182534322,
        15.037115269183818
    ],
    "inner_weights": [
        [
            -4.0147161968844,
            14.422857805117317,
            7.423806137964963
        ],
        [
            3.157071494305171,
            -11.007403505842031,
            -11.008175349241515
        ],
        [
            -14.141324410617617,
            11.717636664797926,
            3.2356803757826818
        ]
    ],
    "outputs": [
        0.0,
        0.0,
        0.0
    ],
    "weight_range": 16,
    "bias_range": 16,
    "tc_min": 1,
    "tc_max": 1,
    "inv_time_constants": [
        1.0,
        1.0,
        1.0
    ]
}