{
    "size": 3,
    "voltages": [
        0.0,
        0.0,
        0.0
    ],
    "time_constants": [
        1.0,
        1.0,
        1.0
    ],
    "biases": [
        -4.955407448908176,
        -9.203198404094998,
        -6.436476578624951
    ],
    "inner_weights": [
        [
            10.782211976464758,
            15.047547262090553,
            -1.6910788716316354
        ],
        [
            -6.893407711083789,
            8.678930816312132,
            -6.4338037684551175
        ],
        [
            15.242722396649103,
            13.732863203127557,
            -9.450429896354418
        ]
    ],
    "outputs": [
        0.0,
        0.0,
        0.0
    ],
    "weight_range": 16,
    "bias_range": 16,
    "tc_min": 1,
    "tc_max": 1,
    "inv_time_constants": [
        1.0,
        1.0,
        1.0
    ]
}