{
    "size": 3,
    "voltages": [
        0.0,
        0.0,
        0.0
    ],
    "time_constants": [
        1.0,
        1.0,
        1.0
    ],
    "biases": [
        -1.4398745943430775,
        0.25389890252133185,
        -13.282945446569595
    ],
    "inner_weights": [
        [
            9.08263522578402,
            4.314678593687365,
            -8.030621071496036
        ],
        [
            8.258427668794166,
            -5.981538059786246,
            13.991595439628721
        ],
        [
            -14.628305652727555,
            -1.8922494902462574,
            13.207113277926325
        ]
    ],
    "outputs": [
        0.0,
        0.0,
        0.0
    ],
    "weight_range": 16,
    "bias_range": 16,
    "tc_min": 1,
    "tc_max": 1,
    "inv_time_constants": [
        1.0,
        1.0,
        1.0
    ]
}