{
    "size": 3,
    "voltages": [
        0.0,
        0.0,
        0.0
    ],
    "time_constants": [
        1.0,
        1.0,
        1.0
    ],
    "biases": [
        1.4535336184289562,
        -3.1822558822435454,
        6.886140392952221
    ],
    "inner_weights": [
        [
            13.411489017573818,
            4.550259197563374,
            8.118791351333655
        ],
        [
            -11.54193382071248,
            -13.205774464332798,
            9.216065857167738
        ],
        [
            -5.563170014896357,
            1.314170287230965,
            -8.312474372223807
        ]
    ],
    "outputs": [
        0.0,
        0.0,
        0.0
    ],
    "weight_range": 16,
    "bias_range": 16,
    "tc_min": 1,
    "tc_max": 1,
    "inv_time_constants": [
        1.0,
        1.0,
        1.0
    ]
}