{
    "size": 3,
    "voltages": [
        0.0,
        0.0,
        0.0
    ],
    "time_constants": [
        1.0,
        1.0,
        1.0
    ],
    "biases": [
        -1.5179616880877909,
        -4.379050406802445,
        -7.606890646872735
    ],
    "inner_weights": [
        [
            13.67937723580668,
            11.917641421094899,
            2.7082007230577005
        ],
        [
            12.965445559161502,
            -5.861357721896336,
            -11.263740770246923
        ],
        [
            11.505091271782621,
            -2.121569063963083,
            -0.2073344881457757
        ]
    ],
    "outputs": [
        0.0,
        0.0,
        0.0
    ],
    "weight_range": 16,
    "bias_range": 16,
    "tc_min": 1,
    "tc_max": 1,
    "inv_time_constants": [
        1.0,
        1.0,
        1.0
    ]
}