{
    "size": 3,
    "voltages": [
        0.0,
        0.0,
        0.0
    ],
    "time_constants": [
        1.0,
        1.0,
        1.0
    ],
    "biases": [
        8.109586788617062,
        9.366580146262912,
        4.0768190809395115
    ],
    "inner_weights": [
        [
            14.22389129143382,
            -1.1488584222589573,
            -9.830559073370956
        ],
        [
            2.620636060159743,
            3.8426947255560684,
            5.89516855882157
        ],
        [
            -12.689998239360062,
            7.855224521101871,
            -6.97666975762445
        ]
    ],
    "outputs": [
        0.0,
        0.0,
        0.0
    ],
    "weight_range": 16,
    "bias_range": 16,
    "tc_min": 1,
    "tc_max": 1,
    "inv_time_constants": [
        1.0,
        1.0,
        1.0
    ]
}