{
    "size": 3,
    "voltages": [
        0.0,
        0.0,
        0.0
    ],
    "time_constants": [
        1.0,
        1.0,
        1.0
    ],
    "biases": [
        -2.599037217622307,
        -5.367684798472233,
        -6.942923674504748
    ],
    "inner_weights": [
        [
            -7.970444040161915,
            -14.524933738476424,
            5.658119715537868
        ],
        [
            -14.608976459367934,
            -12.274441498670999,
            3.323702046362019
        ],
        [
            -9.890218791048348,
            5.392502952331064,
            13.358331163868694
        ]
    ],
    "outputs": [
        0.0,
        0.0,
        0.0
    ],
    "weight_range": 16,
    "bias_range": 16,
    "tc_min": 1,
    "tc_max": 1,
    "inv_time_constants": [
        1.0,
        1.0,
        1.0
    ]
}