{
    "size": 3,
    "voltages": [
        0.0,
        0.0,
        0.0
    ],
    "time_constants": [
        1.0,
        1.0,
        1.0
    ],
    "biases": [
        4.756444020649578,
        13.625495493722283,
        -8.731259407843165
    ],
    "inner_weights": [
        [
            3.8519620657041926,
            0.28649819665302445,
            -6.456165063720682
        ],
        [
            4.921558796563065,
            -7.24779090072747,
            0.740034507201095
        ],
        [
            -4.056008252823144,
            -4.18308500565643,
            7.5101952451041285
        ]
    ],
    "outputs": [
        0.0,
        0.0,
        0.0
    ],
    "weight_range": 16,
    "bias_range": 16,
    "tc_min": 1,
    "tc_max": 1,
    "inv_time_constants": [
        1.0,
        1.0,
        1.0
    ]
}