{
    "size": 3,
    "voltages": [
        0.0,
        0.0,
        0.0
    ],
    "time_constants": [
        1.0,
        1.0,
        1.0
    ],
    "biases": [
        -13.612566994567427,
        -7.009376810310695,
        -1.9701071633264071
    ],
    "inner_weights": [
        [
            -3.6872601754642,
            11.51065109089981,
            14.214388345837442
        ],
        [
            6.490396595543341,
            4.276291109485019,
            3.390761023699138
        ],
        [
            -9.595941028483058,
            -3.603587594665562,
            -7.712538759954189
        ]
    ],
    "outputs": [
        0.0,
        0.0,
        0.0
    ],
    "weight_range": 16,
    "bias_range": 16,
    "tc_min": 1,
    "tc_max": 1,
    "inv_time_constants": [
        1.0,
        1.0,
        1.0
    ]
}