{
    "size": 3,
    "voltages": [
        0.0,
        0.0,
        0.0
    ],
    "time_constants": [
        1.0,
        1.0,
        1.0
    ],
    "biases": [
        -6.059905539259336,
        -3.0693384194379547,
        3.0976015308560534
    ],
    "inner_weights": [
        [
            4.566077305154529,
            1.2358697910063015,
            0.38073543867616166
        ],
        [
            3.528231267615883,
            -0.2243525244418656,
            -9.137216070674075
        ],
        [
            -8.192639382797402,
            2.3070248313087163,
            8.724117239201895
        ]
    ],
    "outputs": [
        0.0,
        0.0,
        0.0
    ],
    "weight_range": 16,
    "bias_range": 16,
    "tc_min": 1,
    "tc_max": 1,
    "inv_time_constants": [
        1.0,
        1.0,
        1.0
    ]
}