{
    "size": 3,
    "voltages": [
        0.0,
        0.0,
        0.0
    ],
    "time_constants": [
        1.0,
        1.0,
        1.0
    ],
    "biases": [
        -9.761536267467502,
        -10.248152104770817,
        1.2424402744049061
    ],
    "inner_weights": [
        [
            -6.146081516000933,
            0.620527337769623,
            8.585525169215149
        ],
        [
            9.255063557467512,
            11.85798599922635,
            -9.986515468093796
        ],
        [
            -7.375832140258616,
            -0.12185148838844029,
            7.6518959076387425
        ]
    ],
    "outputs": [
        0.0,
        0.0,
        0.0
    ],
    "weight_range": 16,
    "bias_range": 16,
    "tc_min": 1,
    "tc_max": 1,
    "inv_time_constants": [
        1.0,
        1.0,
        1.0
    ]
}