{
    "size": 3,
    "voltages": [
        0.0,
        0.0,
        0.0
    ],
    "time_constants": [
        1.0,
        1.0,
        1.0
    ],
    "biases": [
        9.124828390771178,
        -3.228432272339834,
        -1.8337476116603035
    ],
    "inner_weights": [
        [
            -4.626588230232432,
            -5.092835945942348,
            13.859406153010237
        ],
        [
            13.242213940640848,
            10.798871308044614,
            -14.09638189680301
        ],
        [
            -8.057272796127837,
            0.29182222110739886,
            -13.134584926496082
        ]
    ],
    "outputs": [
        0.0,
        0.0,
        0.0
    ],
    "weight_range": 16,
    "bias_range": 16,
    "tc_min": 1,
    "tc_max": 1,
    "inv_time_constants": [
        1.0,
        1.0,
        1.0
    ]
}