{
    "size": 3,
    "voltages": [
        0.0,
        0.0,
        0.0
    ],
    "time_constants": [
        1.0,
        1.0,
        1.0
    ],
    "biases": [
        1.3931100635940084,
        -13.139209071421824,
        -3.763415439157974
    ],
    "inner_weights": [
        [
            -6.8462777068635,
            14.659378128608001,
            8.650013831004095
        ],
        [
            15.579840098958812,
            -9.338705219048922,
            -11.618654436997499
        ],
        [
            13.067961673276805,
            -13.803567424732151,
            -13.589352885130971
        ]
    ],
    "outputs": [
        0.0,
        0.0,
        0.0
    ],
    "weight_range": 16,
    "bias_range": 16,
    "tc_min": 1,
    "tc_max": 1,
    "inv_time_constants": [
        1.0,
        1.0,
        1.0
    ]
}