{
    "size": 3,
    "voltages": [
        0.0,
        0.0,
        0.0
    ],
    "time_constants": [
        1.0,
        1.0,
        1.0
    ],
    "biases": [
        4.076533846541633,
        11.397825555059981,
        4.803277474801682
    ],
    "inner_weights": [
        [
            15.648368431219204,
            1.585431259031214,
            -6.993686337437989
        ],
        [
            -13.526733885466474,
            -1.7769761289023016,
            -0.8701449678244693
        ],
        [
            -14.447295970993732,
            -10.773617657335464,
            -12.289577232065778
        ]
    ],
    "outputs": [
        0.0,
        0.0,
        0.0
    ],
    "weight_range": 16,
    "bias_range": 16,
    "tc_min": 1,
    "tc_max": 1,
    "inv_time_constants": [
        1.0,
        1.0,
        1.0
    ]
}