{
    "size": 3,
    "voltages": [
        0.0,
        0.0,
        0.0
    ],
    "time_constants": [
        1.0,
        1.0,
        1.0
    ],
    "biases": [
        -13.35837581947386,
        -4.313671828646154,
        -2.915475238108005
    ],
    "inner_weights": [
        [
            7.432551938203261,
            2.1500484944283116,
            -6.360835518400226
        ],
        [
            8.978653615285491,
            -0.06802310801221267,
            -12.194874028503449
        ],
        [
            -3.5660952709481535,
            -3.3714307027410477,
            -5.199181496535154
        ]
    ],
    "outputs": [
        0.0,
        0.0,
        0.0
    ],
    "weight_range": 16,
    "bias_range": 16,
    "tc_min": 1,
    "tc_max": 1,
    "inv_time_constants": [
        1.0,
        1.0,
        1.0
    ]
}