{
    "size": 3,
    "voltages": [
        0.0,
        0.0,
        0.0
    ],
    "time_constants": [
        1.0,
        1.0,
        1.0
    ],
    "biases": [
        -2.9859167479935778,
        -11.640501695390498,
        1.412361204421753
    ],
    "inner_weights": [
        [
            4.612593154186719,
            -3.8160483316762708,
            5.217532970741395
        ],
        [
            -10.763176764711893,
            14.803450037578198,
            -4.906821107847499
        ],
        [
            15.736031753395444,
            -8.47814734061934,
            2.7422165926930475
        ]
    ],
    "outputs": [
        0.0,
        0.0,
        0.0
    ],
    "weight_range": 16,
    "bias_range": 16,
    "tc_min": 1,
    "tc_max": 1,
    "inv_time_constants": [
        1.0,
        1.0,
        1.0
    ]
}